보안등위치명,설치개수,소재지도로명주소,소재지지번주소,위도,경도,설치연도,설치형태,관리기관전화번호,관리기관명,데이터기준일자
11-17-01,1,서울특별시 도봉구 창제3동 516-13,서울특별시 도봉구 창제3동 516-13,37.6319590,127.040979,2008,전용주,02-2091-4083,도봉구청,2018-05-01
11-18-10,1,서울특별시 도봉구 우이천로 120,서울특별시 도봉구 창제3동 504-33,37.6321040,127.040740,2014,한전주,02-2091-4083,도봉구청,2018-05-01
11-17-38,1,서울특별시 도봉구 우이천로2길,서울특별시 도봉구 창제3동 504-33,37.6322300,127.042325,2013,한전주,02-2091-4083,도봉구청,2018-05-01
11-18-09,1,서울특별시 도봉구 우이천로 120,서울특별시 도봉구 창제3동 504-33,37.6323750,127.040331,2014,한전주,02-2091-4083,도봉구청,2018-05-01
11-17-39,1,서울특별시 도봉구 우이천로4라길 34,서울특별시 도봉구 창제3동 504-30,37.6325540,127.042143,2013,한전주,02-2091-4083,도봉구청,2018-05-01
11-17-40,1,서울특별시 도봉구 우이천로4라길 30,서울특별시 도봉구 창제3동 504-29,37.6326900,127.041826,2007,전용주,02-2091-4083,도봉구청,2018-05-01
11-18-08,1,서울특별시 도봉구 우이천로 132,서울특별시 도봉구 창제3동 518-16,37.6326980,127.040120,2014,한전주,02-2091-4083,도봉구청,2018-05-01
11-17-42,1,서울특별시 도봉구 우이천로4라길26,서울특별시 도봉구 창제3동 504-26,37.6329060,127.041917,2013,한전주,02-2091-4083,도봉구청,2018-05-01
11-17-25,1,서울특별시 도봉구 창제3동 518-11,서울특별시 도봉구 창제3동 518-11,37.6329490,127.040132,2008,건축물,02-2091-4083,도봉구청,2018-05-01
11-14-06,1,서울특별시 도봉구 덕릉로60길 164-23,서울특별시 도봉구 창제3동 504-8,37.6329510,127.042268,2008,건축물,02-2091-4083,도봉구청,2018-05-01
11-17-26,1,서울특별시 도봉구 창제3동 518-10,서울특별시 도봉구 창제3동 518-10,37.6330810,127.040015,2007,건축물,02-2091-4083,도봉구청,2018-05-01
11-17-24,1,서울특별시 도봉구 우이천로4길 12-6,서울특별시 도봉구 창제3동 509,37.6331950,127.040354,2006,건축물,02-2091-4083,도봉구청,2018-05-01
11-17-23,1,서울특별시 도봉구 창제3동 518-43,서울특별시 도봉구 창제3동 518-43,37.6334050,127.040215,2007,건축물,02-2091-4083,도봉구청,2018-05-01
11-17-07,1,서울특별시 도봉구 창제3동 518-2,서울특별시 도봉구 창제3동 518-2,37.6334820,127.039644,2008,건축물,02-2091-4083,도봉구청,2018-05-01
11-17-41,1,서울특별시 도봉구 우이천로4길 20,서울특별시 도봉구 창제3동 505-8,37.6335190,127.040818,2008,한전주,02-2091-4083,도봉구청,2018-05-01
11-13-19,1,서울특별시 도봉구 덕릉로60타길 6,서울특별시 도봉구 창제3동 495-3,37.6335360,127.043775,2006,건축물,02-2091-4083,도봉구청,2018-05-01
11-14-13,1,서울특별시 도봉구 창제3동 500-6,서울특별시 도봉구 창제3동 500-6,37.6335390,127.041876,2007,한전주,02-2091-4083,도봉구청,2018-05-01
11-17-08,1,서울특별시 도봉구 창제3동 519-8,서울특별시 도봉구 창제3동 519-8,37.6336290,127.039456,2007,건축물,02-2091-4083,도봉구청,2018-05-01
11-17-21,1,서울특별시 도봉구 우이천로4가길 5-11,서울특별시 도봉구 창제3동 519-31,37.6336450,127.039765,2008,한전주,02-2091-4083,도봉구청,2018-05-01
11-17-46,1,서울특별시 도봉구 우이천로4라길10,서울특별시 도봉구 창제3동 503-5,37.6336540,127.041442,2013,한전주,02-2091-4083,도봉구청,2018-05-01
11-14-12,1,서울특별시 도봉구 창제3동 481-13,서울특별시 도봉구 창제3동 481-13,37.6336840,127.042228,2007,한전주,02-2091-4083,도봉구청,2018-05-01
11-13-24,1,서울특별시 도봉구 덕릉로60타길 11,서울특별시 도봉구 창제3동 492-51,37.6336980,127.044013,2007,한전주,02-2091-4083,도봉구청,2018-05-01
11-14-16,1,서울특별시 도봉구 창제3동 484-28,서울특별시 도봉구 창제3동 484-28,37.6337120,127.041779,2006,한전주,02-2091-4083,도봉구청,2018-05-01
11-17-22,1,서울특별시 도봉구 우이천로4길 13,서울특별시 도봉구 창제3동 507-5,37.6337170,127.040094,2006,건축물,02-2091-4083,도봉구청,2018-05-01
11-17-09,1,서울특별시 도봉구 창제3동 519-15,서울특별시 도봉구 창제3동 519-15,37.6337210,127.039352,2008,건축물,02-2091-4083,도봉구청,2018-05-01
11-18-07,1,서울특별시 도봉구 우이천로 144-2,서울특별시 도봉구 창제3동,37.6337230,127.039074,2014,한전주,02-2091-4083,도봉구청,2018-05-01
11-14-19,1,서울특별시 도봉구 우이천로4길 46-10,서울특별시 도봉구 창제3동 484-21,37.6337260,127.042121,2008,한전주,02-2091-4083,도봉구청,2018-05-01
11-14-11,1,서울특별시 도봉구 창제3동 491-9,서울특별시 도봉구 창제3동 491-9,37.6337350,127.042553,2007,한전주,02-2091-4083,도봉구청,2018-05-01
11-17-20,1,서울특별시 도봉구 창제3동 519-24,서울특별시 도봉구 창제3동 519-24,37.6337530,127.039828,2007,건축물,02-2091-4083,도봉구청,2018-05-01
11-14-17,1,서울특별시 도봉구 우이천로4길 38-10,서울특별시 도봉구 창제3동 484-25,37.6337800,127.041736,2008,한전주,02-2091-4083,도봉구청,2018-05-01
11-16-33,1,서울특별시 도봉구 창제3동 505-6,서울특별시 도봉구 창제3동 505-6,37.6338130,127.040283,2006,건축물,02-2091-4083,도봉구청,2018-05-01
11-13-18,1,서울특별시 도봉구 덕릉로60타길 5,서울특별시 도봉구 창제3동 492-43,37.6338150,127.043776,2007,한전주,02-2091-4083,도봉구청,2018-05-01
11-14-09,1,서울특별시 도봉구 창제3동 491-9,서울특별시 도봉구 창제3동 491-9,37.6338210,127.042452,2008,건축물,02-2091-4083,도봉구청,2018-05-01
11-17-10,1,서울특별시 도봉구 창제3동 519-14,서울특별시 도봉구 창제3동 519-14,37.6338470,127.039282,2007,한전주,02-2091-4083,도봉구청,2018-05-01
11-16-01,1,서울특별시 도봉구 우이천로4가길 6,서울특별시 도봉구 창제3동 507-4,37.6338530,127.040014,2013,한전주,02-2091-4083,도봉구청,2018-05-01
11-17-47,1,서울특별시 도봉구 우이천로4길32,서울특별시 도봉구 창제3동 502-5,37.6338610,127.041317,2013,한전주,02-2091-4083,도봉구청,2018-05-01
11-14-10,1,서울특별시 도봉구 창제3동 491-1,서울특별시 도봉구 창제3동 491-1,37.6338620,127.042875,2007,한전주,02-2091-4083,도봉구청,2018-05-01
11-17-03,1,서울특별시 도봉구 우이천로4가길 5-11,서울특별시 도봉구 창제3동 519-31,37.6338710,127.039570,2016,건축물,02-2091-4083,도봉구청,2018-05-01
11-13-20,1,서울특별시 도봉구 덕릉로60타길 5-7,서울특별시 도봉구 창제3동 492-28,37.6338780,127.043526,2008,건축물,02-2091-4083,도봉구청,2018-05-01
11-16-35,1,서울특별시 도봉구 우이천로4길 25,서울특별시 도봉구 창제3동 502-26,37.6339080,127.040893,2015,건축물,02-2091-4083,도봉구청,2018-05-01
11-17-06,1,서울특별시 도봉구 창제3동 519-5,서울특별시 도봉구 창제3동 519-5,37.6339190,127.039303,2007,건축물,02-2091-4083,도봉구청,2018-05-01
11-14-24,1,서울특별시 도봉구 우이천로4길53-16,서울특별시 도봉구 창제3동 482-2,37.6339270,127.041648,2012,건축물,02-2091-4083,도봉구청,2018-05-01
11-14-01,1,서울특별시 도봉구 우이천로4길 50-9,서울특별시 도봉구 창제3동 476-6,37.6339330,127.042325,2008,한전주,02-2091-4083,도봉구청,2018-05-01
11-14-20,1,서울특별시 도봉구 창제3동 492-5,서울특별시 도봉구 창제3동 492-5,37.6339340,127.043192,2008,한전주,02-2091-4083,도봉구청,2018-05-01
11-16-23,1,서울특별시 도봉구 우이천로4나길 5,서울특별시 도봉구 창제3동 501-13,37.6339420,127.040547,2013,한전주,02-2091-4083,도봉구청,2018-05-01
11-13-21,1,서울특별시 도봉구 우이천로4라길 11-32,서울특별시 도봉구 창제3동 492-26,37.6339770,127.043458,2008,건축물,02-2091-4083,도봉구청,2018-05-01
11-16-22,1,서울특별시 도봉구 창제3동 502-26,서울특별시 도봉구 창제3동 502-26,37.6339970,127.040728,2008,건축물,02-2091-4083,도봉구청,2018-05-01
11-14-05,1,서울특별시 도봉구 창제3동 487-21,서울특별시 도봉구 창제3동 487-21,37.6340000,127.042645,2006,한전주,02-2091-4083,도봉구청,2018-05-01
11-14-02,1,서울특별시 도봉구 창제3동 487-23,서울특별시 도봉구 창제3동 487-23,37.6340180,127.042321,2008,한전주,02-2091-4083,도봉구청,2018-05-01
11-16-02,1,서울특별시 도봉구 창제3동 502-13,서울특별시 도봉구 창제3동 502-13,37.6340360,127.040255,2008,한전주,02-2091-4083,도봉구청,2018-05-01
11-14-18,1,서울특별시 도봉구 창제3동 484-32,서울특별시 도봉구 창제3동 484-32,37.6340410,127.041921,2008,건축물,02-2091-4083,도봉구청,2018-05-01
11-15-23,1,서울특별시 도봉구 우이천로4길 35,서울특별시 도봉구 창제3동 484-31,37.6340590,127.041363,2007,한전주,02-2091-4083,도봉구청,2018-05-01
11-17-19,2,서울특별시 도봉구 창제3동 519-27,서울특별시 도봉구 창제3동 519-27,37.6340600,127.039494,2008,한전주,02-2091-4083,도봉구청,2018-05-01
11-13-28,1,서울특별시 도봉구 덕릉로60타길 11-32,서울특별시 도봉구 창제3동 492-26,37.6340680,127.043391,2007,한전주,02-2091-4083,도봉구청,2018-05-01
11-16-20,1,서울특별시 도봉구 창제3동 502-21,서울특별시 도봉구 창제3동 502-21,37.6340770,127.040949,2008,건축물,02-2091-4083,도봉구청,2018-05-01
11-17-11,2,서울특별시 도봉구 창제3동 519-2,서울특별시 도봉구 창제3동 519-2,37.6341180,127.039209,2006,한전주,02-2091-4083,도봉구청,2018-05-01
11-13-17,1,서울특별시 도봉구 우이천로4라길 11-38,서울특별시 도봉구 창제3동 492-7,37.6341310,127.043560,2007,한전주,02-2091-4083,도봉구청,2018-05-01
11-16-03,1,서울특별시 도봉구 창제3동 502-20,서울특별시 도봉구 창제3동 502-20,37.6341310,127.039971,2008,건축물,02-2091-4083,도봉구청,2018-05-01
11-04-07,1,서울특별시 도봉구 덕릉로60길148,서울특별시 도봉구 창제3동 487-11,37.6341400,127.042926,2013,한전주,02-2091-4083,도봉구청,2018-05-01
11-18-06,1,서울특별시 도봉구 우이천로 150-1,서울특별시 도봉구 창제3동 524-21,37.6341440,127.038755,2014,한전주,02-2091-4083,도봉구청,2018-05-01
11-15-22,1,서울특별시 도봉구 창제3동 484-15,서울특별시 도봉구 창제3동 484-15,37.6341470,127.041393,2008,건축물,02-2091-4083,도봉구청,2018-05-01
11-17-48,1,서울특별시 도봉구 우이천로5-19,서울특별시 도봉구 창제3동 522-26,37.6341590,127.039403,2012,건축물,02-2091-4083,도봉구청,2018-05-01
11-16-24,1,서울특별시 도봉구 창제3동 501-8,서울특별시 도봉구 창제3동 501-8,37.6341750,127.040621,2008,건축물,02-2091-4083,도봉구청,2018-05-01
11-16-21,1,서울특별시 도봉구 창제3동 501-17,서울특별시 도봉구 창제3동 501-17,37.6341880,127.040778,2012,건축물,02-2091-4083,도봉구청,2018-05-01
11-17-17,1,서울특별시 도봉구 우이천로4가길 5-19,서울특별시 도봉구 창제3동 522-21,37.6341950,127.039527,2008,건축물,02-2091-4083,도봉구청,2018-05-01
11-14-03,1,서울특별시 도봉구 창제3동 487-26,서울특별시 도봉구 창제3동 487-26,37.6341950,127.042214,2008,건축물,02-2091-4083,도봉구청,2018-05-01
11-15-24,1,서울특별시 도봉구 우이천로4길45,서울특별시 도봉구 창제3동 482-25,37.6342120,127.041759,2013,한전주,02-2091-4083,도봉구청,2018-05-01
11-14-04,1,서울특별시 도봉구 창제3동 487-14,서울특별시 도봉구 창제3동 487-14,37.6342120,127.042558,2006,한전주,02-2091-4083,도봉구청,2018-05-01
11-16-05,1,서울특별시 도봉구 우이천로4가길14,서울특별시 도봉구 창제3동 502-7,37.6342130,127.039788,2013,한전주,02-2091-4083,도봉구청,2018-05-01
11-16-19,1,서울특별시 도봉구 창제3동 501-18,서울특별시 도봉구 창제3동 501-18,37.6342250,127.040958,2008,건축물,02-2091-4083,도봉구청,2018-05-01
11-18-05,1,서울특별시 도봉구 우이천로 152-1,서울특별시 도봉구 창제3동 524-19,37.6342630,127.038691,2014,한전주,02-2091-4083,도봉구청,2018-05-01
11-13-30,1,서울특별시 도봉구 덕릉로60길 11-35,서울특별시 도봉구 창제3동 492-40,37.6342750,127.043470,2008,한전주,02-2091-4083,도봉구청,2018-05-01
11-16-18,1,서울특별시 도봉구 우이천로4다길31,서울특별시 도봉구 창제3동 501-20,37.6342760,127.041045,2013,한전주,02-2091-4083,도봉구청,2018-05-01
11-16-25,1,서울특별시 도봉구 우이천로4나길11,서울특별시 도봉구 창제3동 501-3,37.6342760,127.040354,2013,한전주,02-2091-4083,도봉구청,2018-05-01
11-13-27,1,서울특별시 도봉구 우이천로4라길 11-39,서울특별시 도봉구 창제3동 492-16,37.6342840,127.043742,2008,한전주,02-2091-4083,도봉구청,2018-05-01
11-17-16,1,서울특별시 도봉구 창제3동 520-3,서울특별시 도봉구 창제3동 520-3,37.6343080,127.039651,2008,건축물,02-2091-4083,도봉구청,2018-05-01
11-15-48,1,서울특별시 도봉구 창제3동 482-26,서울특별시 도봉구 창제3동 482-26,37.6343390,127.041680,2016,건축물,02-2091-4083,도봉구청,2018-05-01
11-17-18,1,서울특별시 도봉구 창제3동 519-29,서울특별시 도봉구 창제3동 519-29,37.6343410,127.039430,2008,건축물,02-2091-4083,도봉구청,2018-05-01
11-16-04,1,서울특별시 도봉구 창제3동 521-9,서울특별시 도봉구 창제3동 521-9,37.6343420,127.040065,2008,건축물,02-2091-4083,도봉구청,2018-05-01
11-17-12,1,서울특별시 도봉구 창제3동 524-7,서울특별시 도봉구 창제3동 524-7,37.6343500,127.039145,2008,건축물,02-2091-4083,도봉구청,2018-05-01
11-15-30,1,서울특별시 도봉구 우이천로4길 49,서울특별시 도봉구 창제3동 482-13,37.6343560,127.042133,2013,한전주,02-2091-4083,도봉구청,2018-05-01
11-15-21,1,서울특별시 도봉구 창제3동 484-13,서울특별시 도봉구 창제3동 484-13,37.6343700,127.041265,2008,건축물,02-2091-4083,도봉구청,2018-05-01
11-13-22,1,서울특별시 도봉구 덕릉로60길 135-36,서울특별시 도봉구 창제3동 492-38,37.6343740,127.043243,2007,한전주,02-2091-4083,도봉구청,2018-05-01
11-14-08,1,서울특별시 도봉구 덕릉로60길140,서울특별시 도봉구 창제3동 487-1,37.6344190,127.042745,2013,한전주,02-2091-4083,도봉구청,2018-05-01
11-15-29,1,서울특별시 도봉구 창제3동 482-13,서울특별시 도봉구 창제3동 482-13,37.6344210,127.041984,2008,건축물,02-2091-4083,도봉구청,2018-05-01
11-13-16,1,서울특별시 도봉구 덕릉로60길 135-60,서울특별시 도봉구 창제3동 492-46,37.6344280,127.043413,2006,한전주,02-2091-4083,도봉구청,2018-05-01
11-15-31,1,서울특별시 도봉구 우이천로4길 53-4,서울특별시 도봉구 창제3동 487-37,37.6344460,127.042258,2008,건축물,02-2091-4083,도봉구청,2018-05-01
11-15-39,1,서울특별시 도봉구 우이천로4길55,서울특별시 도봉구 창제3동 487-37,37.6344550,127.042405,2013,한전주,02-2091-4083,도봉구청,2018-05-01
11-16-27,1,서울특별시 도봉구 창제3동 511-8,서울특별시 도봉구 창제3동 511-8,37.6344650,127.040784,2008,건축물,02-2091-4083,도봉구청,2018-05-01
11-16-26,1,서울특별시 도봉구 창제3동 501-7,서울특별시 도봉구 창제3동 501-7,37.6344730,127.040609,2008,건축물,02-2091-4083,도봉구청,2018-05-01
11-16-17,1,서울특별시 도봉구 우이천로4다길13,서울특별시 도봉구 창제3동 479-27,37.6344920,127.040944,2013,한전주,02-2091-4083,도봉구청,2018-05-01
11-18-04,1,서울특별시 도봉구 우이천로 154-1,서울특별시 도봉구 창제3동 524-17,37.6344930,127.038591,2014,한전주,02-2091-4083,도봉구청,2018-05-01
11-15-25,1,서울특별시 도봉구 창제3동 482-33,서울특별시 도봉구 창제3동 482-33,37.6345040,127.041515,2007,한전주,02-2091-4083,도봉구청,2018-05-01
11-15-20,1,서울특별시 도봉구 덕릉로60길 120-21,서울특별시 도봉구 창제3동 484-11,37.6345190,127.041227,2008,건축물,02-2091-4083,도봉구청,2018-05-01
11-13-15,1,서울특별시 도봉구 덕릉로60길 135-62,서울특별시 도봉구 창제3동 492-54,37.6345270,127.043357,2006,한전주,02-2091-4083,도봉구청,2018-05-01
11-16-06,1,서울특별시 도봉구 우이천로4가길26,서울특별시 도봉구 창제3동 522-8,37.6345370,127.039584,2013,한전주,02-2091-4083,도봉구청,2018-05-01
11-17-15,1,서울특별시 도봉구 창제3동 522-19,서울특별시 도봉구 창제3동 522-19,37.6345400,127.039374,2008,한전주,02-2091-4083,도봉구청,2018-05-01
11-13-25,1,서울특별시 도봉구 덕릉로60길 35-4,서울특별시 도봉구 창제3동 474-9,37.6345450,127.042892,2008,건축물,02-2091-4083,도봉구청,2018-05-01
11-15-38,1,서울특별시 도봉구 덕릉로60길136,서울특별시 도봉구 창제3동 487-6,37.6345540,127.042609,2013,한전주,02-2091-4083,도봉구청,2018-05-01
11-16-08,1,서울특별시 도봉구 창제3동 527-32,서울특별시 도봉구 창제3동 527-32,37.6345650,127.039858,2008,건축물,02-2091-4083,도봉구청,2018-05-01
11-16-30,1,서울특별시 도봉구 우이천로4나길19,서울특별시 도봉구 창제3동 521-13,37.6345820,127.040162,2013,한전주,02-2091-4083,도봉구청,2018-05-01
11-15-32,1,서울특별시 도봉구 창제3동 482-10,서울특별시 도봉구 창제3동 482-10,37.6346070,127.042100,2007,한전주,02-2091-4083,도봉구청,2018-05-01
11-15-28,1,서울특별시 도봉구 창제3동 482-16,서울특별시 도봉구 창제3동 482-16,37.6346170,127.041852,2008,한전주,02-2091-4083,도봉구청,2018-05-01
11-15-41,1,서울특별시 도봉구 창제3동 482-46,서울특별시 도봉구 창제3동 482-46,37.6346470,127.041239,2010,건축물,02-2091-4083,도봉구청,2018-05-01
11-16-29,1,서울특별시 도봉구 창제3동 521-17,서울특별시 도봉구 창제3동 521-17,37.6346560,127.040386,2008,건축물,02-2091-4083,도봉구청,2018-05-01
11-17-02,1,서울특별시 도봉구 창제3동 524-1,서울특별시 도봉구 창제3동 524-1,37.6346710,127.039050,2007,건축물,02-2091-4083,도봉구청,2018-05-01
11-16-16,1,서울특별시 도봉구 우이천로4다길17,서울특별시 도봉구 창제3동 479-25,37.6346720,127.040842,2013,한전주,02-2091-4083,도봉구청,2018-05-01
11-13-23,1,서울특별시 도봉구 덕릉로60길 135-5,서울특별시 도봉구 창제3동 474-8,37.6346890,127.043017,2006,한전주,02-2091-4083,도봉구청,2018-05-01
11-17-13,1,서울특별시 도봉구 우이천로8길 6,서울특별시 도봉구 창제3동 524-1,37.6346910,127.038961,2013,한전주,02-2091-4083,도봉구청,2018-05-01
11-15-46,1,서울특별시 도봉구 우이천4길53-16,서울특별시 도봉구 창제3동 482-2,37.6347010,127.042331,2012,건축물,02-2091-4083,도봉구청,2018-05-01
11-15-26,2,서울특별시 도봉구 덕릉로60길 120-22,서울특별시 도봉구 창제3동 482-45,37.6347260,127.041408,2008,한전주,02-2091-4083,도봉구청,2018-05-01
11-15-19,1,서울특별시 도봉구 창제3동 479-7,서울특별시 도봉구 창제3동 479-7,37.6347460,127.041091,2008,건축물,02-2091-4083,도봉구청,2018-05-01
11-15-37,1,서울특별시 도봉구 덕릉로60길 130,서울특별시 도봉구 창제3동 482-1,37.6347620,127.042473,2013,한전주,02-2091-4083,도봉구청,2018-05-01
11-13-14,1,서울특별시 도봉구 덕릉로60길 135-7,서울특별시 도봉구 창제3동 474-7,37.6347700,127.043210,2006,한전주,02-2091-4083,도봉구청,2018-05-01
11-16-28,1,서울특별시 도봉구 창제3동 521-5,서울특별시 도봉구 창제3동 521-5,37.6347710,127.040398,2008,건축물,02-2091-4083,도봉구청,2018-05-01
11-16-34,1,서울특별시 도봉구 창제3동 527-29,서울특별시 도봉구 창제3동 527-29,37.6348050,127.039671,2008,한전주,02-2091-4083,도봉구청,2018-05-01
11-16-15,1,서울특별시 도봉구 우이천로4다길 21-3,서울특별시 도봉구 창제3동 479-19,37.6348160,127.040559,2008,건축물,02-2091-4083,도봉구청,2018-05-01
11-15-12,1,서울특별시 도봉구 창제3동 480-19,서울특별시 도봉구 창제3동 480-19,37.6348260,127.041430,2006,건축물,02-2091-4083,도봉구청,2018-05-01
11-15-33,1,서울특별시 도봉구 창제3동 481-10,서울특별시 도봉구 창제3동 481-10,37.6348310,127.042163,2008,건축물,02-2091-4083,도봉구청,2018-05-01
11-16-09,1,서울특별시 도봉구 우이천로4나길26,서울특별시 도봉구 창제3동 527-20,37.6348350,127.040105,2013,한전주,02-2091-4083,도봉구청,2018-05-01
11-15-27,1,서울특별시 도봉구 덕릉로60길120-14,서울특별시 도봉구 창제3동 482-43,37.6348430,127.041680,2013,한전주,02-2091-4083,도봉구청,2018-05-01
11-17-14,1,서울특별시 도봉구 우이천로8길12,서울특별시 도봉구 창제3동 522-4,37.6348440,127.039301,2013,한전주,02-2091-4083,도봉구청,2018-05-01
11-13-05,1,서울특별시 도봉구 덕릉로60길 121-20,서울특별시 도봉구 창제3동 474-8,37.6348700,127.042892,2008,한전주,02-2091-4083,도봉구청,2018-05-01
11-16-14,1,서울특별시 도봉구 우이천로4다길21,서울특별시 도봉구 창제3동 479-22,37.6348970,127.040695,2013,한전주,02-2091-4083,도봉구청,2018-05-01
11-15-11,1,서울특별시 도봉구 창제3동 480-27,서울특별시 도봉구 창제3동 480-27,37.6349190,127.041524,2008,전용주,02-2091-4083,도봉구청,2018-05-01
11-15-35,1,서울특별시 도봉구 덕릉로60길120-6,서울특별시 도봉구 창제3동 480-7,37.6349510,127.041918,2013,한전주,02-2091-4083,도봉구청,2018-05-01
11-11-24,1,서울특별시 도봉구 창제3동 525-16,서울특별시 도봉구 창제3동 525-16,37.6349590,127.038863,2007,전용주,02-2091-4083,도봉구청,2018-05-01
11-15-13,1,서울특별시 도봉구 창제3동 480-18,서울특별시 도봉구 창제3동 480-18,37.6349600,127.041272,2008,한전주,02-2091-4083,도봉구청,2018-05-01
11-16-07,1,서울특별시 도봉구 우이천로8길20,서울특별시 도봉구 창제3동 527-25,37.6349790,127.039596,2013,한전주,02-2091-4083,도봉구청,2018-05-01
11-11-27,1,서울특별시 도봉구 창제3동 525-2,서울특별시 도봉구 창제3동 525-2,37.6350080,127.038909,2008,건축물,02-2091-4083,도봉구청,2018-05-01
11-13-10,1,서울특별시 도봉구 창제3동 474-44,서울특별시 도봉구 창제3동 474-44,37.6350090,127.042785,2008,한전주,02-2091-4083,도봉구청,2018-05-01
11-16-10,1,서울특별시 도봉구 창제3동 528-53,서울특별시 도봉구 창제3동 528-53,37.6350100,127.039904,2008,건축물,02-2091-4083,도봉구청,2018-05-01
11-11-20,1,서울특별시 도봉구 창제3동 522-24,서울특별시 도봉구 창제3동 522-24,37.6350100,127.039279,2008,건축물,02-2091-4083,도봉구청,2018-05-01
11-15-10,1,서울특별시 도봉구 창제3동 480-6,서울특별시 도봉구 창제3동 480-6,37.6350120,127.041754,2008,건축물,02-2091-4083,도봉구청,2018-05-01
11-13-06,1,서울특별시 도봉구 창제3동 474-41,서울특별시 도봉구 창제3동 474-41,37.6350140,127.043117,2008,건축물,02-2091-4083,도봉구청,2018-05-01
11-15-18,1,서울특별시 도봉구 창제3동 479-4,서울특별시 도봉구 창제3동 479-4,37.6350160,127.040901,2006,한전주,02-2091-4083,도봉구청,2018-05-01
11-15-36,2,서울특별시 도봉구 덕릉로60길120-3,서울특별시 도봉구 창제3동 481-4,37.6350410,127.042269,2014,한전주,02-2091-4083,도봉구청,2018-05-01
11-13-12,1,서울특별시 도봉구 덕릉로60길 131-14,서울특별시 도봉구 창제3동 474-89,37.6350680,127.043312,2008,건축물,02-2091-4083,도봉구청,2018-05-01
11-16-32,1,서울특별시 도봉구 창제3동 527-17,서울특별시 도봉구 창제3동 527-17,37.6350850,127.039821,2008,건축물,02-2091-4083,도봉구청,2018-05-01
11-11-19,1,서울특별시 도봉구 창제3동 527-12,서울특별시 도봉구 창제3동 527-12,37.6350920,127.039428,2008,건축물,02-2091-4083,도봉구청,2018-05-01
11-18-03,1,서울특별시 도봉구 우이천로 162-2,서울특별시 도봉구 창제3동,37.6351040,127.038396,2014,한전주,02-2091-4083,도봉구청,2018-05-01
11-11-23,1,서울특별시 도봉구 우이천로10길6,서울특별시 도봉구 창제3동 525-15,37.6351230,127.038780,2013,한전주,02-2091-4083,도봉구청,2018-05-01
11-15-17,1,서울특별시 도봉구 창제3동 479-1,서울특별시 도봉구 창제3동 479-1,37.6351300,127.040817,2008,건축물,02-2091-4083,도봉구청,2018-05-01
11-16-13,1,서울특별시 도봉구 우이천로4다길27,서울특별시 도봉구 창제3동 478-9,37.6351410,127.040547,2013,한전주,02-2091-4083,도봉구청,2018-05-01
11-11-21,1,서울특별시 도봉구 우이천로10길10-4,서울특별시 도봉구 창제3동 549-17,37.6351590,127.039096,2013,건축물,02-2091-4083,도봉구청,2018-05-01
11-15-14,1,서울특별시 도봉구 창제3동 480-21,서울특별시 도봉구 창제3동 480-21,37.6351910,127.041163,2008,건축물,02-2091-4083,도봉구청,2018-05-01
11-15-09,1,서울특별시 도봉구 창제3동 480-3,서울특별시 도봉구 창제3동 480-3,37.6351950,127.041526,2008,한전주,02-2091-4083,도봉구청,2018-05-01
11-16-11,1,서울특별시 도봉구 우이천로8길28,서울특별시 도봉구 창제3동 528-54,37.6351950,127.040083,2013,한전주,02-2091-4083,도봉구청,2018-05-01
11-15-45,1,서울특별시 도봉구 덕릉로60길118,서울특별시 도봉구 창제3동 475-14,37.6352160,127.042163,2012,건축물,02-2091-4083,도봉구청,2018-05-01
11-13-04,1,서울특별시 도봉구 창제3동 474-47,서울특별시 도봉구 창제3동 474-47,37.6352300,127.042615,2008,한전주,02-2091-4083,도봉구청,2018-05-01
11-11-22,1,서울특별시 도봉구 우이천로10길14,서울특별시 도봉구 창제3동 549-16,37.6352670,127.039097,2013,한전주,02-2091-4083,도봉구청,2018-05-01
11-15-15,1,서울특별시 도봉구 창제3동 476-17,서울특별시 도봉구 창제3동 476-17,37.6352850,127.041023,2008,한전주,02-2091-4083,도봉구청,2018-05-01
11-18-02,1,서울특별시 도봉구 우이천로 162-3,서울특별시 도봉구 창제3동 547-63,37.6352850,127.038342,2014,한전주,02-2091-4083,도봉구청,2018-05-01
11-11-18,1,서울특별시 도봉구 창제3동 527-10,서울특별시 도봉구 창제3동 527-10,37.6352880,127.039549,2007,건축물,02-2091-4083,도봉구청,2018-05-01
11-15-08,1,서울특별시 도봉구 우이천로8길 48-12,서울특별시 도봉구 창제3동 476-5,37.6353120,127.041397,2008,건축물,02-2091-4083,도봉구청,2018-05-01
11-11-05,1,서울특별시 도봉구 창제3동 547-57,서울특별시 도봉구 창제3동 547-57,37.6353220,127.038701,2008,건축물,02-2091-4083,도봉구청,2018-05-01
11-15-42,1,서울특별시 도봉구 창제3동 475-13,서울특별시 도봉구 창제3동 475-13,37.6353250,127.042095,2008,건축물,02-2091-4083,도봉구청,2018-05-01
11-13-07,1,서울특별시 도봉구 창제3동 474-26,서울특별시 도봉구 창제3동 474-26,37.6353470,127.042885,2008,한전주,02-2091-4083,도봉구청,2018-05-01
11-11-15,1,서울특별시 도봉구 창제3동 528-45,서울특별시 도봉구 창제3동 528-45,37.6353470,127.039792,2008,건축물,02-2091-4083,도봉구청,2018-05-01
11-16-12,1,서울특별시 도봉구 우이천로8길36,서울특별시 도봉구 창제3동 529-15,37.6353480,127.040423,2013,한전주,02-2091-4083,도봉구청,2018-05-01
11-15-04,1,서울특별시 도봉구 덕릉로60길 108-8,서울특별시 도봉구 창제3동 475-11,37.6354020,127.041647,2008,한전주,02-2091-4083,도봉구청,2018-05-01
11-11-14,1,서울특별시 도봉구 창제3동 529-3,서울특별시 도봉구 창제3동 529-3,37.6354090,127.040074,2008,건축물,02-2091-4083,도봉구청,2018-05-01
11-11-17,1,서울특별시 도봉구 우이천로10길20,서울특별시 도봉구 창제3동 528-42,37.6354110,127.039415,2013,한전주,02-2091-4083,도봉구청,2018-05-01
11-13-26,1,서울특별시 도봉구 창제3동 474-53,서울특별시 도봉구 창제3동 474-53,37.6354470,127.042400,2008,한전주,02-2091-4083,도봉구청,2018-05-01
11-13-09,1,서울특별시 도봉구 창제3동 474-24,서울특별시 도봉구 창제3동 474-24,37.6354560,127.043131,2008,건축물,02-2091-4083,도봉구청,2018-05-01
11-13-01,1,서울특별시 도봉구 창제3동 474-70,서울특별시 도봉구 창제3동 474-70,37.6354600,127.042119,2008,건축물,02-2091-4083,도봉구청,2018-05-01
11-11-07,1,서울특별시 도봉구 창제3동 550-12,서울특별시 도봉구 창제3동 550-12,37.6354750,127.038899,2008,건축물,02-2091-4083,도봉구청,2018-05-01
11-13-08,1,서울특별시 도봉구 창제3동 474-37,서울특별시 도봉구 창제3동 474-37,37.6354820,127.042711,2008,건축물,02-2091-4083,도봉구청,2018-05-01
11-15-43,1,서울특별시 도봉구 창제3동 475-8,서울특별시 도봉구 창제3동 475-8,37.6354820,127.041808,2008,한전주,02-2091-4083,도봉구청,2018-05-01
11-18-01,1,서울특별시 도봉구 우이천로 166,서울특별시 도봉구 창제3동 547-59,37.6354840,127.038300,2014,한전주,02-2091-4083,도봉구청,2018-05-01
11-15-07,1,서울특별시 도봉구 우이천로8길 48-5,서울특별시 도봉구 창제3동 475-1,37.6354920,127.041307,2008,한전주,02-2091-4083,도봉구청,2018-05-01
11-11-16,1,서울특별시 도봉구 우이천로10길24,서울특별시 도봉구 창제3동 528-43,37.6355200,127.039664,2013,한전주,02-2091-4083,도봉구청,2018-05-01
11-15-03,1,서울특별시 도봉구 덕릉로60길104,서울특별시 도봉구 창제3동 475-8,37.6355280,127.041930,2013,한전주,02-2091-4083,도봉구청,2018-05-01
11-11-06,1,서울특별시 도봉구 우이천로12길 2-3,서울특별시 도봉구 창제3동 550-15,37.6355290,127.038565,2008,건축물,02-2091-4083,도봉구청,2018-05-01
11-15-16,1,서울특별시 도봉구 우이천로8길42,서울특별시 도봉구 창제3동 477-12,37.6355370,127.040831,2013,한전주,02-2091-4083,도봉구청,2018-05-01
11-13-03,1,서울특별시 도봉구 창제3동 474-51,서울특별시 도봉구 창제3동 474-51,37.6355420,127.042387,2006,한전주,02-2091-4083,도봉구청,2018-05-01
11-15-05,1,서울특별시 도봉구 창제3동 471-11,서울특별시 도봉구 창제3동 471-11,37.6356040,127.041564,2008,한전주,02-2091-4083,도봉구청,2018-05-01
11-13-02,1,서울특별시 도봉구 창제3동 474-68,서울특별시 도봉구 창제3동 474-68,37.6356100,127.042092,2006,건축물,02-2091-4083,도봉구청,2018-05-01
11-11-26,1,서울특별시 도봉구 우이천로4다길39,서울특별시 도봉구 창제3동 530-4,37.6356450,127.040219,2013,한전주,02-2091-4083,도봉구청,2018-05-01
11-11-08,1,서울특별시 도봉구 창제3동 548-24,서울특별시 도봉구 창제3동 548-24,37.6356510,127.039087,2007,건축물,02-2091-4083,도봉구청,2018-05-01
11-11-25,1,서울특별시 도봉구 창제3동 535-3,서울특별시 도봉구 창제3동 535-3,37.6356720,127.039864,2008,한전주,02-2091-4083,도봉구청,2018-05-01
11-15-06,1,서울특별시 도봉구 우이천로8길52,서울특별시 도봉구 창제3동 476-3,37.6356990,127.041137,2013,한전주,02-2091-4083,도봉구청,2018-05-01
11-13-11,1,서울특별시 도봉구 덕릉로60길 109-60,서울특별시 도봉구 창제3동 474-21,37.6357030,127.042901,2015,건축물,02-2091-4083,도봉구청,2018-05-01
11-12-02,1,서울특별시 도봉구 창제3동 531-11,서울특별시 도봉구 창제3동 531-11,37.6357130,127.040426,2008,전용주,02-2091-4083,도봉구청,2018-05-01
11-09-01,1,서울특별시 도봉구 창제3동 474-30,서울특별시 도봉구 창제3동 474-30,37.6357190,127.042511,2007,건축물,02-2091-4083,도봉구청,2018-05-01
11-06-05,1,서울특별시 도봉구 우이천로12길5,서울특별시 도봉구 창제3동 550-9,37.6357450,127.038622,2013,한전주,02-2091-4083,도봉구청,2018-05-01
11-11-10,1,서울특별시 도봉구 창제3동 528-32,서울특별시 도봉구 창제3동 528-32,37.6357540,127.039460,2008,한전주,02-2091-4083,도봉구청,2018-05-01
11-11-13,1,서울특별시 도봉구 창제3동 535-4,서울특별시 도봉구 창제3동 535-4,37.6357540,127.040064,2006,건축물,02-2091-4083,도봉구청,2018-05-01
11-15-44,1,서울특별시 도봉구 우이천로8길 54,서울특별시 도봉구 창제3동 471-18,37.6357890,127.041375,2008,건축물,02-2091-4083,도봉구청,2018-05-01
11-15-02,1,서울특별시 도봉구 덕릉로60길 104,서울특별시 도봉구 창제3동 471-13,37.6357980,127.041692,2013,한전주,02-2091-4083,도봉구청,2018-05-01
11-12-03,1,서울특별시 도봉구 창제3동 477-5,서울특별시 도봉구 창제3동 477-5,37.6358100,127.040757,2008,한전주,02-2091-4083,도봉구청,2018-05-01
11-11-11,1,서울특별시 도봉구 창제3동 528-32,서울특별시 도봉구 창제3동 528-32,37.6358170,127.039616,2006,건축물,02-2091-4083,도봉구청,2018-05-01
11-15-01,1,서울특별시 도봉구 덕릉로60길102,서울특별시 도봉구 창제3동 471-12,37.6358700,127.041500,2013,한전주,02-2091-4083,도봉구청,2018-05-01
11-15-40,1,서울특별시 도봉구 덕릉로60길102,서울특별시 도봉구 창제3동 471-12,37.6358790,127.041613,2013,한전주,02-2091-4083,도봉구청,2018-05-01
11-11-09,1,서울특별시 도봉구 창제3동 548-2,서울특별시 도봉구 창제3동 548-2,37.6358850,127.039271,2008,건축물,02-2091-4083,도봉구청,2018-05-01
11-11-12,1,서울특별시 도봉구 우이천로4다길47,서울특별시 도봉구 창제3동 535-2,37.6358890,127.040072,2013,한전주,02-2091-4083,도봉구청,2018-05-01
11-06-04,1,서울특별시 도봉구 창제3동 550-8,서울특별시 도봉구 창제3동 550-8,37.6359080,127.038484,2008,한전주,02-2091-4083,도봉구청,2018-05-01
11-12-14,1,서울특별시 도봉구 창제3동 471-5,서울특별시 도봉구 창제3동 471-5,37.6359490,127.040892,2008,건축물,02-2091-4083,도봉구청,2018-05-01
11-12-13,1,서울특별시 도봉구 창제3동 471-3,서울특별시 도봉구 창제3동 471-3,37.6359510,127.041114,2008,건축물,02-2091-4083,도봉구청,2018-05-01
11-06-08,1,서울특별시 도봉구 우이천로12길15,서울특별시 도봉구 창제3동 548-12,37.6359520,127.039098,2013,한전주,02-2091-4083,도봉구청,2018-05-01
11-06-29,1,서울특별시 도봉구 창제3동 548-14,서울특별시 도봉구 창제3동 548-14,37.6359760,127.038855,2008,한전주,02-2091-4083,도봉구청,2018-05-01
11-06-09,1,서울특별시 도봉구 우이천로12길21,서울특별시 도봉구 창제3동 536-17,37.6360420,127.039347,2013,한전주,02-2091-4083,도봉구청,2018-05-01
11-12-15,1,서울특별시 도봉구 창제3동 471-1,서울특별시 도봉구 창제3동 471-1,37.6360830,127.041415,2008,한전주,02-2091-4083,도봉구청,2018-05-01
11-06-06,1,서울특별시 도봉구 우이천로12길 11-5,서울특별시 도봉구 창제3동 548-18,37.6361050,127.038701,2008,한전주,02-2091-4083,도봉구청,2018-05-01
11-06-07,1,서울특별시 도봉구 창제3동 548-1,서울특별시 도봉구 창제3동 548-1,37.6361210,127.039031,2007,건축물,02-2091-4083,도봉구청,2018-05-01
11-12-05,1,서울특별시 도봉구 창제3동 533-22,서울특별시 도봉구 창제3동 533-22,37.6361410,127.040330,2008,건축물,02-2091-4083,도봉구청,2018-05-01
11-06-10,1,서울특별시 도봉구 우이천로12길27,서울특별시 도봉구 창제3동 536-9,37.6361590,127.039596,2013,한전주,02-2091-4083,도봉구청,2018-05-01
11-12-12,1,서울특별시 도봉구 덕릉로60길92,서울특별시 도봉구 창제3동 470-11,37.6361770,127.041330,2013,한전주,02-2091-4083,도봉구청,2018-05-01
11-12-11,1,서울특별시 도봉구 덕릉로60길 90-5,서울특별시 도봉구 창제3동 470-8,37.6362220,127.041137,2006,한전주,02-2091-4083,도봉구청,2018-05-01
11-06-11,1,서울특별시 도봉구 우이천로12길29,서울특별시 도봉구 창제3동 537-17,37.6362490,127.039800,2013,한전주,02-2091-4083,도봉구청,2018-05-01
11-06-14,1,서울특별시 도봉구 창제3동 536-14,서울특별시 도봉구 창제3동 536-14,37.6362500,127.039284,2008,건축물,02-2091-4083,도봉구청,2018-05-01
11-06-31,1,서울특별시 도봉구 창제3동 536-8,서울특별시 도봉구 창제3동 536-8,37.6362790,127.039519,2008,건축물,02-2091-4083,도봉구청,2018-05-01
11-12-07,1,서울특별시 도봉구 창제3동 456-29,서울특별시 도봉구 창제3동 456-29,37.6362830,127.040629,2007,한전주,02-2091-4083,도봉구청,2018-05-01
11-06-17,1,서울특별시 도봉구 창제3동 547-3,서울특별시 도봉구 창제3동 547-3,37.6363280,127.038280,2008,한전주,02-2091-4083,도봉구청,2018-05-01
11-12-06,1,서울특별시 도봉구 우이천로12길 36,서울특별시 도봉구 창제3동 533-18,37.6363390,127.040186,2006,한전주,02-2091-4083,도봉구청,2018-05-01
11-06-15,1,서울특별시 도봉구 창제3동 547-11,서울특별시 도봉구 창제3동 547-11,37.6363640,127.038814,2008,건축물,02-2091-4083,도봉구청,2018-05-01
11-12-10,1,서울특별시 도봉구 창제3동 470-6,서울특별시 도봉구 창제3동 470-6,37.6363700,127.041022,2008,한전주,02-2091-4083,도봉구청,2018-05-01
11-10-03,1,서울특별시 도봉구 우이천로12길33,서울특별시 도봉구 창제3동 533-17,37.6363750,127.039846,2013,한전주,02-2091-4083,도봉구청,2018-05-01
11-10-04,1,서울특별시 도봉구 우이천로12길37,서울특별시 도봉구 창제3동 533-17,37.6363840,127.040095,2013,한전주,02-2091-4083,도봉구청,2018-05-01
11-06-16,1,서울특별시 도봉구 창제3동 547-15,서울특별시 도봉구 창제3동 547-15,37.6363910,127.038556,2008,건축물,02-2091-4083,도봉구청,2018-05-01
11-09-41,1,서울특별시 도봉구 창제3동 467-9,서울특별시 도봉구 창제3동 467-9,37.6364260,127.041262,2008,한전주,02-2091-4083,도봉구청,2018-05-01
11-06-32,1,서울특별시 도봉구 덕릉로54길41,서울특별시 도봉구 창제3동 554-6,37.6364450,127.038345,2012,한전주,02-2091-4083,도봉구청,2018-05-01
11-06-13,1,서울특별시 도봉구 창제3동 536-12,서울특별시 도봉구 창제3동 536-12,37.6364520,127.039352,2007,한전주,02-2091-4083,도봉구청,2018-05-01
11-06-19,2,서울특별시 도봉구 창제3동 547-5,서울특별시 도봉구 창제3동 547-5,37.6365260,127.038844,2006,한전주,02-2091-4083,도봉구청,2018-05-01
11-06-20,1,서울특별시 도봉구 창제3동 546-7,서울특별시 도봉구 창제3동 546-7,37.6365310,127.039134,2008,건축물,02-2091-4083,도봉구청,2018-05-01
11-10-23,1,서울특별시 도봉구 우이천로12길74-11,서울특별시 도봉구 창제3동 532-1,37.6365370,127.040469,2013,한전주,02-2091-4083,도봉구청,2018-05-01
11-01-17,1,서울특별시 도봉구 우이천로 178-1,서울특별시 도봉구 창제3동 552-64,37.6365380,127.037795,2008,한전주,02-2091-4083,도봉구청,2018-05-01
11-06-12,1,서울특별시 도봉구 창제3동 537-13,서울특별시 도봉구 창제3동 537-13,37.6365440,127.039622,2006,건축물,02-2091-4083,도봉구청,2018-05-01
11-10-05,1,서울특별시 도봉구 우이천로12길 33-6,서울특별시 도봉구 창제3동 533-8,37.6365650,127.039959,2008,건축물,02-2091-4083,도봉구청,2018-05-01
11-12-09,1,서울특별시 도봉구 덕릉로60길88,서울특별시 도봉구 창제3동 470-3,37.6365730,127.041103,2013,한전주,02-2091-4083,도봉구청,2018-05-01
11-01-15,1,서울특별시 도봉구 창제3동 552-84,서울특별시 도봉구 창제3동 552-84,37.6365750,127.038272,2008,한전주,02-2091-4083,도봉구청,2018-05-01
11-12-08,1,서울특별시 도봉구 우이천로12길52,서울특별시 도봉구 창제3동 456-3,37.6365910,127.040752,2013,한전주,02-2091-4083,도봉구청,2018-05-01
11-06-18,1,서울특별시 도봉구 창제3동 554,서울특별시 도봉구 창제3동 554,37.6366370,127.038432,2008,한전주,02-2091-4083,도봉구청,2018-05-01
11-06-25,1,서울특별시 도봉구 창제3동 547-3,서울특별시 도봉구 창제3동 547-3,37.6366910,127.038973,2008,건축물,02-2091-4083,도봉구청,2018-05-01
11-10-21,1,서울특별시 도봉구 창제3동 456-17,서울특별시 도봉구 창제3동 456-17,37.6367000,127.040484,2008,한전주,02-2091-4083,도봉구청,2018-05-01
11-10-02,1,서울특별시 도봉구 창제3동 533-7,서울특별시 도봉구 창제3동 533-7,37.6367080,127.039850,2008,건축물,02-2091-4083,도봉구청,2018-05-01
11-06-21,1,서울특별시 도봉구 창제3동 537-10,서울특별시 도봉구 창제3동 537-10,37.6367160,127.039310,2006,건축물,02-2091-4083,도봉구청,2018-05-01
11-10-22,1,서울특별시 도봉구 창제3동 456-10,서울특별시 도봉구 창제3동 456-10,37.6367170,127.040176,2008,한전주,02-2091-4083,도봉구청,2018-05-01
11-06-26,1,서울특별시 도봉구 창제3동 544-2,서울특별시 도봉구 창제3동 544-2,37.6367170,127.038697,2007,건축물,02-2091-4083,도봉구청,2018-05-01
11-06-03,1,서울특별시 도봉구 우이천로4다길69,서울특별시 도봉구 창제3동 537-10,37.6367270,127.039495,2013,한전주,02-2091-4083,도봉구청,2018-05-01
11-01-14,1,서울특별시 도봉구 창제3동 552-86,서울특별시 도봉구 창제3동 552-86,37.6367690,127.037996,2008,건축물,02-2091-4083,도봉구청,2018-05-01
11-09-06,1,서울특별시 도봉구 덕릉로62길 120,서울특별시 도봉구 창제3동 465-22,37.6367710,127.042780,2013,한전주,02-2091-4083,도봉구청,2018-05-01
11-09-23,1,서울특별시 도봉구 덕릉로60길81,서울특별시 도봉구 창제3동 467-6,37.6367980,127.041160,2013,한전주,02-2091-4083,도봉구청,2018-05-01
11-01-13,1,서울특별시 도봉구 창제3동 552-3,서울특별시 도봉구 창제3동 552-3,37.6368000,127.038155,2008,건축물,02-2091-4083,도봉구청,2018-05-01
11-06-30,1,서울특별시 도봉구 창제3동 544-7,서울특별시 도봉구 창제3동 544-7,37.6368020,127.039037,2006,건축물,02-2091-4083,도봉구청,2018-05-01
11-10-20,1,서울특별시 도봉구 창제3동 456-6,서울특별시 도봉구 창제3동 456-6,37.6368060,127.040617,2008,건축물,02-2091-4083,도봉구청,2018-05-01
11-01-18,1,서울특별시 도봉구 창제3동 552-60,서울특별시 도봉구 창제3동 552-60,37.6368130,127.037674,2006,건축물,02-2091-4083,도봉구청,2018-05-01
11-09-20,1,서울특별시 도봉구 창제3동 467-6,서울특별시 도봉구 창제3동 467-6,37.6368140,127.041224,2008,건축물,02-2091-4083,도봉구청,2018-05-01
11-10-01,1,서울특별시 도봉구 창제3동 533-12,서울특별시 도봉구 창제3동 533-12,37.6368360,127.039632,2008,건축물,02-2091-4083,도봉구청,2018-05-01
11-09-24,1,서울특별시 도봉구 덕릉로60차길14,서울특별시 도봉구 창제3동 467-4,37.6368520,127.041511,2013,한전주,02-2091-4083,도봉구청,2018-05-01
11-06-27,1,서울특별시 도봉구 창제3동 554-1,서울특별시 도봉구 창제3동 554-1,37.6368760,127.038682,2008,건축물,02-2091-4083,도봉구청,2018-05-01
11-09-25,1,서울특별시 도봉구 덕릉로60차길12,서울특별시 도봉구 창제3동 467-1,37.6368880,127.041976,2013,한전주,02-2091-4083,도봉구청,2018-05-01
11-10-07,1,서울특별시 도봉구 창제3동 533-5,서울특별시 도봉구 창제3동 533-5,37.6369010,127.039899,2008,건축물,02-2091-4083,도봉구청,2018-05-01
11-09-26,1,서울특별시 도봉구 덕릉로60차길22,서울특별시 도봉구 창제3동 457-23,37.6369060,127.042157,2013,한전주,02-2091-4083,도봉구청,2018-05-01
11-09-07,1,서울특별시 도봉구 덕릉로60차길26,서울특별시 도봉구 창제3동 465-12,37.6369330,127.042622,2013,한전주,02-2091-4083,도봉구청,2018-05-01
11-10-11,1,서울특별시 도봉구 창제3동 538-22,서울특별시 도봉구 창제3동 538-22,37.6369460,127.040139,2008,건축물,02-2091-4083,도봉구청,2018-05-01
11-09-08,1,서울특별시 도봉구 덕릉로60차길 26,서울특별시 도봉구 창제3동 465-21,37.6369510,127.042769,2013,한전주,02-2091-4083,도봉구청,2018-05-01
11-06-22,1,서울특별시 도봉구 우이천로4다길75,서울특별시 도봉구 창제3동 545-2,37.6369520,127.039314,2013,한전주,02-2091-4083,도봉구청,2018-05-01
11-10-19,1,서울특별시 도봉구 덕릉로60길74,서울특별시 도봉구 창제3동 456-1,37.6369610,127.040945,2013,한전주,02-2091-4083,도봉구청,2018-05-01
11-01-05,1,서울특별시 도봉구 창제3동 552-29,서울특별시 도봉구 창제3동 552-29,37.6369810,127.037151,2008,한전주,02-2091-4083,도봉구청,2018-05-01
11-10-12,1,서울특별시 도봉구 창제3동 538-8,서울특별시 도봉구 창제3동 538-8,37.6369960,127.040439,2008,건축물,02-2091-4083,도봉구청,2018-05-01
11-01-07,1,서울특별시 도봉구 창제3동 552-6,서울특별시 도봉구 창제3동 552-6,37.6370080,127.037574,2007,한전주,02-2091-4083,도봉구청,2018-05-01
11-01-12,1,서울특별시 도봉구 창제3동 552-79,서울특별시 도봉구 창제3동 552-79,37.6370320,127.038176,2008,건축물,02-2091-4083,도봉구청,2018-05-01
11-06-23,1,서울특별시 도봉구 우이천로4다길77,서울특별시 도봉구 창제3동 541-4,37.6370420,127.039257,2013,한전주,02-2091-4083,도봉구청,2018-05-01
11-06-28,1,서울특별시 도봉구 덕릉로54길29,서울특별시 도봉구 창제3동 554-1,37.6370430,127.038622,2013,한전주,02-2091-4083,도봉구청,2018-05-01
11-10-18,1,서울특별시 도봉구 덕릉로60길 68-8,서울특별시 도봉구 창제3동 455-12,37.6370510,127.040707,2006,건축물,02-2091-4083,도봉구청,2018-05-01
11-05-23,1,서울특별시 도봉구 덕릉로54길59,서울특별시 도봉구 창제3동 555-13,37.6370970,127.038724,2013,한전주,02-2091-4083,도봉구청,2018-05-01
11-10-08,1,서울특별시 도봉구 덕릉로60마길 25,서울특별시 도봉구 창제3동 537-3,37.6371050,127.039857,2013,한전주,02-2091-4083,도봉구청,2018-05-01
11-01-09,1,서울특별시 도봉구 창제3동 552-69,서울특별시 도봉구 창제3동 552-69,37.6371150,127.037969,2007,건축물,02-2091-4083,도봉구청,2018-05-01
11-09-29,1,서울특별시 도봉구 창제3동 459-2,서울특별시 도봉구 창제3동 459-2,37.6371150,127.041495,2008,한전주,02-2091-4083,도봉구청,2018-05-01
11-10-10,1,서울특별시 도봉구 덕릉로60마길 13-5,서울특별시 도봉구 창제3동 538-20,37.6371200,127.040085,2006,한전주,02-2091-4083,도봉구청,2018-05-01
11-10-13,1,서울특별시 도봉구 창제3동 538-6,서울특별시 도봉구 창제3동 538-6,37.6371700,127.040430,2006,한전주,02-2091-4083,도봉구청,2018-05-01
11-01-04,1,서울특별시 도봉구 창제3동 552-32,서울특별시 도봉구 창제3동 552-32,37.6372230,127.037370,2008,건축물,02-2091-4083,도봉구청,2018-05-01
11-08-27,1,서울특별시 도봉구 창제3동 543-1,서울특별시 도봉구 창제3동 543-1,37.6372270,127.038846,2008,한전주,02-2091-4083,도봉구청,2018-05-01
11-09-22,1,서울특별시 도봉구 덕릉로60자길2,서울특별시 도봉구 창제3동 457-14,37.6372310,127.040945,2013,한전주,02-2091-4083,도봉구청,2018-05-01
11-10-24,1,서울특별시 도봉구 덕릉로60길 66,서울특별시 도봉구 창제3동 455-2,37.6372340,127.040738,2015,건축물,02-2091-4083,도봉구청,2018-05-01
11-09-27,1,서울특별시 도봉구 창제3동 457-17,서울특별시 도봉구 창제3동 457-17,37.6372390,127.041855,2008,한전주,02-2091-4083,도봉구청,2018-05-01
11-05-33,1,서울특별시 도봉구 덕릉로60라길 31,서울특별시 도봉구 창제3동 539-29,37.6372400,127.039552,2008,한전주,02-2091-4083,도봉구청,2018-05-01
11-01-08,1,서울특별시 도봉구 창제3동 552-54,서울특별시 도봉구 창제3동 552-54,37.6372490,127.037806,2007,한전주,02-2091-4083,도봉구청,2018-05-01
11-01-11,1,서울특별시 도봉구 덕릉로54길18,서울특별시 도봉구 창제3동 552-51,37.6372590,127.038226,2013,한전주,02-2091-4083,도봉구청,2018-05-01
11-01-03,1,서울특별시 도봉구 창제3동 552-39,서울특별시 도봉구 창제3동 552-39,37.6373250,127.037408,2008,건축물,02-2091-4083,도봉구청,2018-05-01
11-09-39,1,서울특별시 도봉구 덕릉로60카길 42,서울특별시 도봉구 창제3동 460-22,37.6373300,127.042395,2008,한전주,02-2091-4083,도봉구청,2018-05-01
10-01-02,1,서울특별시 도봉구 우이천로16길 12-3,서울특별시 도봉구 창제2동 553-24,37.6373320,127.036368,2008,한전주,02-2091-4083,도봉구청,2018-05-01
11-10-17,1,서울특별시 도봉구 덕릉로60길66,서울특별시 도봉구 창제3동 455-2,37.6373480,127.040798,2013,한전주,02-2091-4083,도봉구청,2018-05-01
11-09-09,1,서울특별시 도봉구 덕릉로62길 106,서울특별시 도봉구 창제3동 462-21,37.6373560,127.042747,2013,한전주,02-2091-4083,도봉구청,2018-05-01
11-09-30,1,서울특별시 도봉구 창제3동 466-2,서울특별시 도봉구 창제3동 466-2,37.6373750,127.041465,2008,한전주,02-2091-4083,도봉구청,2018-05-01
11-05-34,1,서울특별시 도봉구 덕릉로60라길 24,서울특별시 도봉구 창제3동 560-28,37.6373850,127.039608,2006,한전주,02-2091-4083,도봉구청,2018-05-01
11-01-10,1,서울특별시 도봉구 덕릉로54길14,서울특별시 도봉구 창제3동 552-8,37.6374120,127.037966,2013,한전주,02-2091-4083,도봉구청,2018-05-01
11-05-12,1,서울특별시 도봉구 우이천로4다길 38,서울특별시 도봉구 창제3동 542-1,37.6374140,127.039028,2016,전용주,02-2091-4083,도봉구청,2018-05-01
11-10-09,1,서울특별시 도봉구 덕릉로60마길13,서울특별시 도봉구 창제3동 539-5,37.6374290,127.040130,2013,한전주,02-2091-4083,도봉구청,2018-05-01
11-02-22,1,서울특별시 도봉구 창제3동 557-76,서울특별시 도봉구 창제3동 557-76,37.6374340,127.038739,2006,한전주,02-2091-4083,도봉구청,2018-05-01
11-01-02,1,서울특별시 도봉구 창제3동 552-45,서울특별시 도봉구 창제3동 552-45,37.6374350,127.037234,2010,건축물,02-2091-4083,도봉구청,2018-05-01
11-01-19,1,서울특별시 도봉구 창제3동 552-35,서울특별시 도봉구 창제3동 552-35,37.6374580,127.037590,2006,건축물,02-2091-4083,도봉구청,2018-05-01
11-05-35,1,서울특별시 도봉구 덕릉로60라길 21,서울특별시 도봉구 창제3동 560-27,37.6374660,127.039722,2008,한전주,02-2091-4083,도봉구청,2018-05-01
11-09-02,1,서울특별시 도봉구 창제3동 462-2,서울특별시 도봉구 창제3동 462-2,37.6374690,127.042809,2016,건축물,02-2091-4083,도봉구청,2018-05-01
11-09-31,1,서울특별시 도봉구 창제3동 457-16,서울특별시 도봉구 창제3동 457-16,37.6374770,127.041841,2008,한전주,02-2091-4083,도봉구청,2018-05-01
11-10-14,1,서울특별시 도봉구 덕릉로60마길5-3,서울특별시 도봉구 창제3동 538-3,37.6374830,127.040413,2006,한전주,02-2091-4083,도봉구청,2018-05-01
11-02-23,1,서울특별시 도봉구 덕릉로54가길 6-7,서울특별시 도봉구 창제3동 557-25,37.6375110,127.038623,2007,한전주,02-2091-4083,도봉구청,2018-05-01
11-09-43,1,서울특별시 도봉구 창제3동 458-6,서울특별시 도봉구 창제3동 458-6,37.6375190,127.041146,2016,한전주,02-2091-4083,도봉구청,2018-05-01
11-09-38,1,서울특별시 도봉구 덕릉로60카길 39,서울특별시 도봉구 창제3동 460-19,37.6375370,127.042339,2006,한전주,02-2091-4083,도봉구청,2018-05-01
11-10-06,1,서울특별시 도봉구 덕릉로60마길 9,서울특별시 도봉구 창제3동 539-4,37.6375740,127.040243,2013,한전주,02-2091-4083,도봉구청,2018-05-01
11-01-01,1,서울특별시 도봉구 덕릉로54길 8,서울특별시 도봉구 창제3동 552-21,37.6375740,127.037694,2013,한전주,02-2091-4083,도봉구청,2018-05-01
11-05-24,1,서울특별시 도봉구 창제3동 560-30,서울특별시 도봉구 창제3동 560-30,37.6375860,127.039483,2008,한전주,02-2091-4083,도봉구청,2018-05-01
11-09-32,1,서울특별시 도봉구 창제3동 460-19,서울특별시 도봉구 창제3동 460-19,37.6375880,127.042057,2008,전용주,02-2091-4083,도봉구청,2018-05-01
11-09-10,2,서울특별시 도봉구 덕릉로62길102,서울특별시 도봉구 창제3동 462-20,37.6376270,127.042735,2013,한전주,02-2091-4083,도봉구청,2018-05-01
11-02-21,1,서울특별시 도봉구 덕릉로60가길 50,서울특별시 도봉구 창제3동 557-24,37.6376280,127.038838,2008,한전주,02-2091-4083,도봉구청,2018-05-01
11-05-21,1,서울특별시 도봉구 창제3동 560-44,서울특별시 도봉구 창제3동 560-44,37.6376350,127.039197,2008,한전주,02-2091-4083,도봉구청,2018-05-01
11-09-42,1,서울특별시 도봉구 창제3동 458-6,서울특별시 도봉구 창제3동 458-6,37.6376520,127.041246,2016,한전주,02-2091-4083,도봉구청,2018-05-01
11-02-11,1,서울특별시 도봉구 창제3동 557-75,서울특별시 도봉구 창제3동 557-75,37.6376530,127.038205,2007,한전주,02-2091-4083,도봉구청,2018-05-01
10-01-01,1,서울특별시 도봉구 창제2동 553-23,서울특별시 도봉구 창제2동 553-23,37.6376960,127.036221,2008,한전주,02-2091-4083,도봉구청,2018-05-01
11-08-22,1,서울특별시 도봉구 창제3동 453-13,서울특별시 도봉구 창제3동 453-13,37.6376960,127.040745,2008,한전주,02-2091-4083,도봉구청,2018-05-01
11-05-37,1,서울특별시 도봉구 창제3동 560-32,서울특별시 도봉구 창제3동 560-32,37.6376980,127.039575,2008,건축물,02-2091-4083,도봉구청,2018-05-01
11-05-36,1,서울특별시 도봉구 덕릉로60마길 5,서울특별시 도봉구 창제3동 539-1,37.6377140,127.040355,2013,한전주,02-2091-4083,도봉구청,2018-05-01
11-02-26,1,서울특별시 도봉구 창제3동 557-65,서울특별시 도봉구 창제3동 557-65,37.6377210,127.037827,2016,건축물,02-2091-4083,도봉구청,2018-05-01
11-05-40,1,서울특별시 도봉구 창제3동 560-39,서울특별시 도봉구 창제3동 560-39,37.6377320,127.039387,2008,건축물,02-2091-4083,도봉구청,2018-05-01
11-09-34,1,서울특별시 도봉구 덕릉로60카길 24,서울특별시 도봉구 창제3동 459-2,37.6377350,127.041591,2007,한전주,02-2091-4083,도봉구청,2018-05-01
11-05-32,2,서울특별시 도봉구 덕릉로60라길 18,서울특별시 도봉구 창제3동 560-25,37.6377360,127.039880,2006,한전주,02-2091-4083,도봉구청,2018-05-01
11-09-28,1,서울특별시 도봉구 창제3동 459-5,서울특별시 도봉구 창제3동 459-5,37.6377410,127.041860,2007,한전주,02-2091-4083,도봉구청,2018-05-01
11-02-12,1,서울특별시 도봉구 창제3동 557-29,서울특별시 도봉구 창제3동 557-29,37.6377430,127.038295,2008,건축물,02-2091-4083,도봉구청,2018-05-01
11-02-20,1,서울특별시 도봉구 덕릉로54가길 10-6,서울특별시 도봉구 창제3동 557-23,37.6377450,127.038634,2006,건축물,02-2091-4083,도봉구청,2018-05-01
11-10-16,1,서울특별시 도봉구 덕릉로60길54,서울특별시 도봉구 창제3동 454-1,37.6377720,127.040640,2013,한전주,02-2091-4083,도봉구청,2018-05-01
11-02-25,1,서울특별시 도봉구 덕르로54가길7,서울특별시 도봉구 창제3동 557-72,37.6378080,127.038272,2012,건축물,02-2091-4083,도봉구청,2018-05-01
11-09-37,1,서울특별시 도봉구 창제3동 460-14,서울특별시 도봉구 창제3동 460-14,37.6378450,127.042068,2007,한전주,02-2091-4083,도봉구청,2018-05-01
11-02-18,1,서울특별시 도봉구 창제3동 557-40,서울특별시 도봉구 창제3동 557-40,37.6378460,127.038949,2006,한전주,02-2091-4083,도봉구청,2018-05-01
11-09-19,1,서울특별시 도봉구 덕릉로60자길21,서울특별시 도봉구 창제3동 458-6,37.6378520,127.041376,2013,한전주,02-2091-4083,도봉구청,2018-05-01
11-05-41,1,서울특별시 도봉구 덕릉로60다길25,서울특별시 도봉구 창제3동 560-37,37.6378650,127.039500,2012,한전주,02-2091-4083,도봉구청,2018-05-01
11-05-25,1,서울특별시 도봉구 창제3동 560-36,서울특별시 도봉구 창제3동 560-36,37.6378740,127.039628,2008,건축물,02-2091-4083,도봉구청,2018-05-01
11-02-10,1,서울특별시 도봉구 창제3동 557-61,서울특별시 도봉구 창제3동 557-61,37.6378820,127.037920,2006,건축물,02-2091-4083,도봉구청,2018-05-01
11-05-38,1,서울특별시 도봉구 창제3동 560-4,서울특별시 도봉구 창제3동 560-4,37.6378870,127.040403,2007,건축물,02-2091-4083,도봉구청,2018-05-01
10-01-03,1,서울특별시 도봉구 우이천로 200,서울특별시 도봉구 창제2동 553-10,37.6378990,127.036244,2008,한전주,02-2091-4083,도봉구청,2018-05-01
11-02-13,1,서울특별시 도봉구 창제3동 557-36,서울특별시 도봉구 창제3동 557-36,37.6379080,127.038457,2007,한전주,02-2091-4083,도봉구청,2018-05-01
11-02-19,1,서울특별시 도봉구 창제3동 557-38,서울특별시 도봉구 창제3동 557-38,37.6379220,127.038793,2007,한전주,02-2091-4083,도봉구청,2018-05-01
11-09-11,1,서울특별시 도봉구 덕릉로62길 92-8,서울특별시 도봉구 창제3동 462-15,37.6379690,127.042260,2008,건축물,02-2091-4083,도봉구청,2018-05-01
11-05-18,1,서울특별시 도봉구 창제3동 559-5,서울특별시 도봉구 창제3동 559-5,37.6379740,127.039497,2006,한전주,02-2091-4083,도봉구청,2018-05-01
11-09-35,1,서울특별시 도봉구 창제3동 460-9,서울특별시 도봉구 창제3동 460-9,37.6379740,127.041716,2006,건축물,02-2091-4083,도봉구청,2018-05-01
11-05-26,1,서울특별시 도봉구 덕릉로60다길 21-11,서울특별시 도봉구 창제3동 560-19,37.6379790,127.039937,2008,건축물,02-2091-4083,도봉구청,2018-05-01
11-02-09,1,서울특별시 도봉구 창제3동 557-69,서울특별시 도봉구 창제3동 557-69,37.6379910,127.038027,2008,한전주,02-2091-4083,도봉구청,2018-05-01
11-05-31,1,서울특별시 도봉구 창제3동 560-19,서울특별시 도봉구 창제3동 560-19,37.6380110,127.040129,2008,한전주,02-2091-4083,도봉구청,2018-05-01
11-09-12,2,서울특별시 도봉구 덕릉로62길 98,서울특별시 도봉구 창제3동 462-18,37.6380140,127.042702,2013,한전주,02-2091-4083,도봉구청,2018-05-01
11-02-17,1,서울특별시 도봉구 창제3동 557-50,서울특별시 도봉구 창제3동 557-50,37.6380280,127.039027,2006,건축물,02-2091-4083,도봉구청,2018-05-01
11-10-15,1,서울특별시 도봉구 덕릉로60길49-1,서울특별시 도봉구 창제3동 453-1,37.6380330,127.040617,2013,한전주,02-2091-4083,도봉구청,2018-05-01
11-02-08,1,서울특별시 도봉구 창제3동 557-15,서울특별시 도봉구 창제3동 557-15,37.6380410,127.038252,2008,건축물,02-2091-4083,도봉구청,2018-05-01
10-01-07,1,서울특별시 도봉구 창제2동 553-43,서울특별시 도봉구 창제2동 553-43,37.6380440,127.035325,2008,한전주,02-2091-4083,도봉구청,2018-05-01
10-01-19,1,서울특별시 도봉구 창제2동 578-141,서울특별시 도봉구 창제2동 578-141,37.6380450,127.036962,2008,건축물,02-2091-4083,도봉구청,2018-05-01
11-08-25,1,서울특별시 도봉구 창제3동 453-10,서울특별시 도봉구 창제3동 453-10,37.6380620,127.040929,2008,건축물,02-2091-4083,도봉구청,2018-05-01
11-09-40,1,서울특별시 도봉구 창제3동 460-1,서울특별시 도봉구 창제3동 460-1,37.6380810,127.041913,2008,건축물,02-2091-4083,도봉구청,2018-05-01
10-01-16,1,서울특별시 도봉구 덕릉로 219,서울특별시 도봉구 창제2동 553-8,37.6380970,127.036459,2008,한전주,02-2091-4083,도봉구청,2018-05-01
11-09-18,1,서울특별시 도봉구 덕릉로60자길22,서울특별시 도봉구 창제3동 458-4,37.6381140,127.041557,2013,한전주,02-2091-4083,도봉구청,2018-05-01
11-02-14,1,서울특별시 도봉구 창제3동 557-52,서울특별시 도봉구 창제3동 557-52,37.6381200,127.038647,2007,한전주,02-2091-4083,도봉구청,2018-05-01
10-01-08,1,서울특별시 도봉구 우이천로16길 6-6,서울특별시 도봉구 창제2동 553-36,37.6381340,127.035190,2008,건축물,02-2091-4083,도봉구청,2018-05-01
11-07-01,1,서울특별시 도봉구 덕릉로60길 47,서울특별시 도봉구 창제3동 560-13,37.6381500,127.040628,2008,건축물,02-2091-4083,도봉구청,2018-05-01
11-08-19,1,서울특별시 도봉구 창제3동 452-46,서울특별시 도봉구 창제3동 452-46,37.6381580,127.041053,2007,한전주,02-2091-4083,도봉구청,2018-05-01
11-02-16,1,서울특별시 도봉구 창제3동 557-49,서울특별시 도봉구 창제3동 557-49,37.6381590,127.039093,2006,건축물,02-2091-4083,도봉구청,2018-05-01
11-05-44,1,서울특별시 도봉구 덕릉로58길20-5,서울특별시 도봉구 창제3동 562-19,37.6381600,127.039292,2014,건축물,02-2091-4083,도봉구청,2018-05-01
10-01-04,2,서울특별시 도봉구 창제2동 553-9,서울특별시 도봉구 창제2동 553-9,37.6381790,127.035776,2008,한전주,02-2091-4083,도봉구청,2018-05-01
11-02-01,1,서울특별시 도봉구 창제3동 557-96,서울특별시 도봉구 창제3동 557-96,37.6381800,127.038060,2008,건축물,02-2091-4083,도봉구청,2018-05-01
10-01-18,1,서울특별시 도봉구 창제2동 553-1,서울특별시 도봉구 창제2동 553-1,37.6381930,127.036718,2008,한전주,02-2091-4083,도봉구청,2018-05-01
11-02-07,1,서울특별시 도봉구 창제3동 557-19,서울특별시 도봉구 창제3동 557-19,37.6381940,127.038447,2008,한전주,02-2091-4083,도봉구청,2018-05-01
11-09-14,1,서울특별시 도봉구 창제3동 462-6,서울특별시 도봉구 창제3동 462-6,37.6381950,127.042113,2008,한전주,02-2091-4083,도봉구청,2018-05-01
11-09-36,1,서울특별시 도봉구 창제3동 461-14,서울특별시 도봉구 창제3동 461-14,37.6382130,127.041868,2007,한전주,02-2091-4083,도봉구청,2018-05-01
11-09-13,1,서울특별시 도봉구 덕릉로62길88,서울특별시 도봉구 창제3동 462-12,37.6382480,127.042679,2013,한전주,02-2091-4083,도봉구청,2018-05-01
10-01-20,1,서울특별시 도봉구 창제2동 553-38,서울특별시 도봉구 창제2동 553-38,37.6382490,127.035181,2013,건축물,02-2091-4083,도봉구청,2018-05-01
11-05-30,1,서울특별시 도봉구 덕릉로60길44,서울특별시 도봉구 창제3동 562-6,37.6382490,127.040447,2013,한전주,02-2091-4083,도봉구청,2018-05-01
10-01-17,1,서울특별시 도봉구 창제2동 553-8,서울특별시 도봉구 창제2동 553-8,37.6382530,127.036595,2008,한전주,02-2091-4083,도봉구청,2018-05-01
11-05-16,1,서울특별시 도봉구 덕릉로58길24,서울특별시 도봉구 창제3동 562-20,37.6382680,127.039394,2014,건축물,02-2091-4083,도봉구청,2018-05-01
10-01-14,1,서울특별시 도봉구 창제2동 553-19,서울특별시 도봉구 창제2동 553-19,37.6382750,127.036166,2008,한전주,02-2091-4083,도봉구청,2018-05-01
11-05-39,1,서울특별시 도봉구 창제3동 555-12,서울특별시 도봉구 창제3동 555-12,37.6382830,127.039220,2008,건축물,02-2091-4083,도봉구청,2018-05-01
10-01-21,1,서울특별시 도봉구 우이천로212,서울특별시 도봉구 창제2동 553-6,37.6382870,127.034921,2014,건축물,02-2091-4083,도봉구청,2018-05-01
10-01-06,1,서울특별시 도봉구 창제2동 553-41,서울특별시 도봉구 창제2동 553-41,37.6382940,127.035585,2008,한전주,02-2091-4083,도봉구청,2018-05-01
11-08-17,1,서울특별시 도봉구 덕릉로60바길10,서울특별시 도봉구 창제3동 452-45,37.6382940,127.040844,2013,한전주,02-2091-4083,도봉구청,2018-05-01
10-19-01,1,서울특별시 도봉구 우이천로 214,서울특별시 도봉구 창제2동 585-117,37.6383140,127.034771,2006,한전주,02-2091-4083,도봉구청,2018-05-01
11-05-27,1,서울특별시 도봉구 창제3동 562-13,서울특별시 도봉구 창제3동 562-13,37.6383210,127.040087,2007,건축물,02-2091-4083,도봉구청,2018-05-01
11-09-03,1,서울특별시 도봉구 창제3동 461-4,서울특별시 도봉구 창제3동 461-4,37.6383290,127.041607,2008,건축물,02-2091-4083,도봉구청,2018-05-01
11-08-20,1,서울특별시 도봉구 창제3동 452-44,서울특별시 도봉구 창제3동 452-44,37.6383380,127.041321,2008,한전주,02-2091-4083,도봉구청,2018-05-01
11-02-15,1,서울특별시 도봉구 덕릉로54가길 26,서울특별시 도봉구 창제3동 557-47,37.6383670,127.038895,2008,한전주,02-2091-4083,도봉구청,2018-05-01
10-03-07,2,서울특별시 도봉구 덕릉로55길 6,서울특별시 도봉구 창제2동 578-4,37.6383760,127.037377,2008,전용주,02-2091-4083,도봉구청,2018-05-01
10-01-15,1,서울특별시 도봉구 덕릉로53길 19,서울특별시 도봉구 창제2동 553-22,37.6383770,127.036414,2008,한전주,02-2091-4083,도봉구청,2018-05-01
11-02-27,1,서울특별시 도봉구 덕릉로54가길 23,서울특별시 도봉구 창제3동 557-86,37.6383780,127.038615,2016,건축물,02-2091-4083,도봉구청,2018-05-01
10-01-09,2,서울특별시 도봉구 창제2동 553-41,서울특별시 도봉구 창제2동 553-41,37.6384140,127.035378,2006,한전주,02-2091-4083,도봉구청,2018-05-01
11-09-15,1,서울특별시 도봉구 덕릉로60나길20,서울특별시 도봉구 창제3동 461-12,37.6384290,127.042283,2013,한전주,02-2091-4083,도봉구청,2018-05-01
10-02-17,1,서울특별시 도봉구 창제2동 578-132,서울특별시 도봉구 창제2동 578-132,37.6384290,127.036784,2008,한전주,02-2091-4083,도봉구청,2018-05-01
11-09-16,1,서울특별시 도봉구 덕릉로60나길16,서울특별시 도봉구 창제3동 461,37.6384290,127.041988,2013,한전주,02-2091-4083,도봉구청,2018-05-01
11-09-17,1,서울특별시 도봉구 덕릉로60자길 14,서울특별시 도봉구 창제3동 461-3,37.6384290,127.041807,2013,한전주,02-2091-4083,도봉구청,2018-05-01
11-08-26,1,서울특별시 도봉구 창제3동 452-42,서울특별시 도봉구 창제3동 452-42,37.6384330,127.041469,2008,건축물,02-2091-4083,도봉구청,2018-05-01
11-05-11,2,서울특별시 도봉구 창제3동 562-24,서울특별시 도봉구 창제3동 562-24,37.6384350,127.039921,2006,한전주,02-2091-4083,도봉구청,2018-05-01
11-02-02,1,서울특별시 도봉구 덕릉로 228-12,서울특별시 도봉구 창제3동 557-91,37.6384480,127.038306,2006,건축물,02-2091-4083,도봉구청,2018-05-01
11-07-02,1,서울특별시 도봉구 창제3동 450-7,서울특별시 도봉구 창제3동 450-7,37.6384600,127.040654,2007,한전주,02-2091-4083,도봉구청,2018-05-01
11-02-06,1,서울특별시 도봉구 덕릉로58길 8-8,서울특별시 도봉구 창제3동 557-85,37.6384840,127.038736,2008,한전주,02-2091-4083,도봉구청,2018-05-01
10-03-06,1,서울특별시 도봉구 창제2동 578-10,서울특별시 도봉구 창제2동 578-10,37.6384900,127.037094,2008,건축물,02-2091-4083,도봉구청,2018-05-01
11-08-06,1,서울특별시 도봉구 덕릉로62길 80,서울특별시 도봉구 창제3동 452-25,37.6384920,127.042645,2013,한전주,02-2091-4083,도봉구청,2018-05-01
10-01-12,1,서울특별시 도봉구 덕릉로53길 25,서울특별시 도봉구 창제2동 553-14,37.6384940,127.035983,2008,건축물,02-2091-4083,도봉구청,2018-05-01
10-01-13,1,서울특별시 도봉구 덕릉로53길 23,서울특별시 도봉구 창제2동 553-16,37.6385120,127.036199,2008,한전주,02-2091-4083,도봉구청,2018-05-01
10-19-19,1,서울특별시 도봉구 우이천로16길5-1,서울특별시 도봉구 창제2동 585-121,37.6385350,127.034830,2013,건축물,02-2091-4083,도봉구청,2018-05-01
11-05-13,1,서울특별시 도봉구 창제3동 562-29,서울특별시 도봉구 창제3동 562-29,37.6385450,127.039742,2008,한전주,02-2091-4083,도봉구청,2018-05-01
10-02-16,1,서울특별시 도봉구 창제2동 578-130,서울특별시 도봉구 창제2동 578-130,37.6385600,127.036559,2008,건축물,02-2091-4083,도봉구청,2018-05-01
11-07-03,1,서울특별시 도봉구 창제3동 450-2,서울특별시 도봉구 창제3동 450-2,37.6385710,127.040728,2006,건축물,02-2091-4083,도봉구청,2018-05-01
11-08-16,1,서울특별시 도봉구 덕릉로60바길 14,서울특별시 도봉구 창제3동 452-67,37.6385730,127.041082,2013,한전주,02-2091-4083,도봉구청,2018-05-01
10-19-02,2,서울특별시 도봉구 창제2동 585-111,서울특별시 도봉구 창제2동 585-111,37.6385820,127.035448,2006,한전주,02-2091-4083,도봉구청,2018-05-01
10-02-18,1,서울특별시 도봉구 덕릉로59가길 54,서울특별시 도봉구 창제2동 578-66,37.6385840,127.036935,2008,한전주,02-2091-4083,도봉구청,2018-05-01
11-08-21,1,서울특별시 도봉구 덕릉로60아길9,서울특별시 도봉구 창제3동 452-40,37.6385910,127.041682,2013,한전주,02-2091-4083,도봉구청,2018-05-01
11-05-29,1,서울특별시 도봉구 덕릉로60길36,서울특별시 도봉구 창제3동 562-3,37.6386010,127.040323,2013,한전주,02-2091-4083,도봉구청,2018-05-01
11-07-04,1,서울특별시 도봉구 창제3동 562-1,서울특별시 도봉구 창제3동 562-1,37.6386080,127.040521,2008,한전주,02-2091-4083,도봉구청,2018-05-01
11-02-05,1,서울특별시 도봉구 창제3동 557-10,서울특별시 도봉구 창제3동 557-10,37.6386150,127.038806,2008,건축물,02-2091-4083,도봉구청,2018-05-01
10-02-26,1,서울특별시 도봉구 덕릉로59다길57,서울특별시 도봉구 창제2동 578-69,37.6386230,127.036454,2013,전용주,02-2091-4083,도봉구청,2018-05-01
10-03-05,1,서울특별시 도봉구 창제2동 578-19,서울특별시 도봉구 창제2동 578-19,37.6386290,127.037356,2008,건축물,02-2091-4083,도봉구청,2018-05-01
11-05-43,1,서울특별시 도봉구 덕릉로60길36,서울특별시 도봉구 창제3동 562-3,37.6386330,127.040210,2013,건축물,02-2091-4083,도봉구청,2018-05-01
10-19-04,1,서울특별시 도봉구 창제2동 585-121,서울특별시 도봉구 창제2동 585-121,37.6386390,127.034955,2008,건축물,02-2091-4083,도봉구청,2018-05-01
10-19-03,2,서울특별시 도봉구 창제2동 585-115,서울특별시 도봉구 창제2동 585-115,37.6386560,127.035075,2007,한전주,02-2091-4083,도봉구청,2018-05-01
11-05-01,1,서울특별시 도봉구 창제3동 569-119,서울특별시 도봉구 창제3동 569-119,37.6386600,127.039398,2008,한전주,02-2091-4083,도봉구청,2018-05-01
10-02-22,1,서울특별시 도봉구 창제2동 578-85,서울특별시 도봉구 창제2동 578-85,37.6386900,127.036292,2006,건축물,02-2091-4083,도봉구청,2018-05-01
10-01-11,2,서울특별시 도봉구 창제2동 553-49,서울특별시 도봉구 창제2동 553-49,37.6386990,127.035876,2008,한전주,02-2091-4083,도봉구청,2018-05-01
10-19-05,1,서울특별시 도봉구 창제2동 585-120,서울특별시 도봉구 창제2동 585-120,37.6387030,127.034801,2008,한전주,02-2091-4083,도봉구청,2018-05-01
10-19-17,1,서울특별시 도봉구 창제2동 585-96,서울특별시 도봉구 창제2동 585-96,37.6387180,127.035592,2008,한전주,02-2091-4083,도봉구청,2018-05-01
11-08-05,1,서울특별시 도봉구 덕릉로62길 78,서울특별시 도봉구 창제3동 452-24,37.6387350,127.042623,2013,한전주,02-2091-4083,도봉구청,2018-05-01
11-08-15,1,서울특별시 도봉구 덕릉로60바길20,서울특별시 도봉구 창제3동 452-62,37.6387530,127.041263,2013,한전주,02-2091-4083,도봉구청,2018-05-01
10-01-10,1,서울특별시 도봉구 창제2동 553-12,서울특별시 도봉구 창제2동 553-12,37.6387610,127.035747,2008,한전주,02-2091-4083,도봉구청,2018-05-01
11-08-07,2,서울특별시 도봉구 덕릉로62길 52-16,서울특별시 도봉구 창제3동 452-32,37.6387620,127.042249,2013,한전주,02-2091-4083,도봉구청,2018-05-01
11-03-26,1,서울특별시 도봉구 창제3동 569-73,서울특별시 도봉구 창제3동 569-73,37.6387780,127.039085,2010,건축물,02-2091-4083,도봉구청,2018-05-01
10-03-04,1,서울특별시 도봉구 덕릉로59가길 41-7,서울특별시 도봉구 창제2동 578-28,37.6388000,127.037547,2008,건축물,02-2091-4083,도봉구청,2018-05-01
10-02-04,1,서울특별시 도봉구 창제2동 578-89,서울특별시 도봉구 창제2동 578-89,37.6388060,127.036084,2008,건축물,02-2091-4083,도봉구청,2018-05-01
11-05-09,1,서울특별시 도봉구 창제3동 563-6,서울특별시 도봉구 창제3동 563-6,37.6388070,127.039830,2008,한전주,02-2091-4083,도봉구청,2018-05-01
11-05-10,1,서울특별시 도봉구 창제3동 563-9,서울특별시 도봉구 창제3동 563-9,37.6388070,127.040254,2008,건축물,02-2091-4083,도봉구청,2018-05-01
10-02-05,1,서울특별시 도봉구 창제2동 578-83,서울특별시 도봉구 창제2동 578-83,37.6388320,127.036424,2008,한전주,02-2091-4083,도봉구청,2018-05-01
11-08-08,1,서울특별시 도봉구 창제3동 452-38,서울특별시 도봉구 창제3동 452-38,37.6388510,127.041944,2008,한전주,02-2091-4083,도봉구청,2018-05-01
11-05-02,1,서울특별시 도봉구 창제3동 569-114,서울특별시 도봉구 창제3동 569-114,37.6388590,127.039489,2006,한전주,02-2091-4083,도봉구청,2018-05-01
10-02-24,1,서울특별시 도봉구 덕릉로59다길 51,서울특별시 도봉구 창제2동 578-61,37.6388630,127.036561,2008,건축물,02-2091-4083,도봉구청,2018-05-01
10-19-06,1,서울특별시 도봉구 창제2동 585-103,서울특별시 도봉구 창제2동 585-103,37.6388650,127.034669,2008,건축물,02-2091-4083,도봉구청,2018-05-01
11-05-08,1,서울특별시 도봉구 창제3동 563-9,서울특별시 도봉구 창제3동 563-9,37.6388670,127.040088,2008,한전주,02-2091-4083,도봉구청,2018-05-01
10-02-19,1,서울특별시 도봉구 창제2동 578-35,서울특별시 도봉구 창제2동 578-35,37.6388740,127.037653,2008,한전주,02-2091-4083,도봉구청,2018-05-01
10-19-09,1,서울특별시 도봉구 창제2동 585-99,서울특별시 도봉구 창제2동 585-99,37.6388850,127.035302,2008,한전주,02-2091-4083,도봉구청,2018-05-01
11-03-25,1,서울특별시 도봉구 창제3동 569-66,서울특별시 도봉구 창제3동 569-66,37.6388880,127.039234,2008,건축물,02-2091-4083,도봉구청,2018-05-01
10-19-08,1,서울특별시 도봉구 우이천로 220-12,서울특별시 도봉구 창제2동 585-100,37.6388910,127.035145,2008,건축물,02-2091-4083,도봉구청,2018-05-01
10-19-21,1,서울특별시 도봉구 덕릉로53길 37,서울특별시 도봉구 창제2동 585-93,37.6388930,127.035550,2016,건축물,02-2091-4083,도봉구청,2018-05-01
11-07-05,1,서울특별시 도봉구 창제3동 448-42,서울특별시 도봉구 창제3동 448-42,37.6388960,127.040404,2008,전용주,02-2091-4083,도봉구청,2018-05-01
11-02-24,1,서울특별시 도봉구 창제3동 557-9,서울특별시 도봉구 창제3동 557-9,37.6389000,127.038478,2008,한전주,02-2091-4083,도봉구청,2018-05-01
11-05-42,1,서울특별시 도봉구 덕릉로60가길17-4,서울특별시 도봉구 창제3동 569-113,37.6389010,127.039685,2012,건축물,02-2091-4083,도봉구청,2018-05-01
10-28-17,1,서울특별시 도봉구 덕릉로59마길36,서울특별시 도봉구 창제2동 585-63,37.6389080,127.035769,2012,한전주,02-2091-4083,도봉구청,2018-05-01
10-03-09,1,서울특별시 도봉구 창제2동 578-143,서울특별시 도봉구 창제2동 578-143,37.6389120,127.037827,2008,한전주,02-2091-4083,도봉구청,2018-05-01
11-08-13,1,서울특별시 도봉구 창제3동 451-24,서울특별시 도봉구 창제3동 451-24,37.6389260,127.041722,2007,건축물,02-2091-4083,도봉구청,2018-05-01
10-03-03,1,서울특별시 도봉구 창제2동 578-34,서울특별시 도봉구 창제2동 578-34,37.6389670,127.037681,2008,건축물,02-2091-4083,도봉구청,2018-05-01
11-03-27,1,서울특별시 도봉구 창제3동 569-94,서울특별시 도봉구 창제3동 569-94,37.6389670,127.038981,2008,건축물,02-2091-4083,도봉구청,2018-05-01
10-19-16,1,서울특별시 도봉구 창제2동 585-87,서울특별시 도봉구 창제2동 585-87,37.6389760,127.034916,2007,건축물,02-2091-4083,도봉구청,2018-05-01
10-02-06,1,서울특별시 도봉구 덕릉로59마길 51,서울특별시 도봉구 창제2동 578-100,37.6389800,127.036369,2012,건축물,02-2091-4083,도봉구청,2018-05-01
10-03-01,1,서울특별시 도봉구 창제2동 578-33,서울특별시 도봉구 창제2동 578-33,37.6389830,127.037418,2008,건축물,02-2091-4083,도봉구청,2018-05-01
10-19-10,1,서울특별시 도봉구 덕릉로53길 39,서울특별시 도봉구 창제2동 585-91,37.6389900,127.035383,2008,한전주,02-2091-4083,도봉구청,2018-05-01
11-05-07,1,서울특별시 도봉구 덕릉로60길30,서울특별시 도봉구 창제3동 563-5,37.6389970,127.040187,2013,한전주,02-2091-4083,도봉구청,2018-05-01
11-08-14,1,서울특별시 도봉구 덕릉로60바길 26,서울특별시 도봉구 창제3동 451-13,37.6389970,127.041456,2013,한전주,02-2091-4083,도봉구청,2018-05-01
10-03-10,1,서울특별시 도봉구 창제2동 578-145,서울특별시 도봉구 창제2동 578-145,37.6390040,127.037975,2008,건축물,02-2091-4083,도봉구청,2018-05-01
10-02-14,1,서울특별시 도봉구 창제2동 578-82,서울특별시 도봉구 창제2동 578-82,37.6390060,127.036574,2008,한전주,02-2091-4083,도봉구청,2018-05-01
10-19-15,1,서울특별시 도봉구 창제2동 585-89,서울특별시 도봉구 창제2동 585-89,37.6390110,127.035071,2008,한전주,02-2091-4083,도봉구청,2018-05-01
11-08-04,1,서울특별시 도봉구 덕릉로62길70,서울특별시 도봉구 창제3동 452-17,37.6390140,127.042600,2013,한전주,02-2091-4083,도봉구청,2018-05-01
10-18-06,1,서울특별시 도봉구 창제2동 585-60,서울특별시 도봉구 창제2동 585-60,37.6390200,127.035872,2006,건축물,02-2091-4083,도봉구청,2018-05-01
10-19-18,1,서울특별시 도봉구 우이천로220,서울특별시 도봉구 창제2동 585-73,37.6390410,127.034419,2012,한전주,02-2091-4083,도봉구청,2018-05-01
11-07-07,1,서울특별시 도봉구 덕릉로60바길 17,서울특별시 도봉구 창제3동 451,37.6390510,127.040731,2008,한전주,02-2091-4083,도봉구청,2018-05-01
11-03-31,1,서울특별시 도봉구 덕릉로60가길 18,서울특별시 도봉구 창제3동 569-49,37.6390510,127.039519,2006,한전주,02-2091-4083,도봉구청,2018-05-01
11-05-06,1,서울특별시 도봉구 창제3동 565-10,서울특별시 도봉구 창제3동 565-10,37.6390600,127.039986,2007,건축물,02-2091-4083,도봉구청,2018-05-01
10-02-09,1,서울특별시 도봉구 덕릉로59다길 43,서울특별시 도봉구 창제2동 578-171,37.6390950,127.036906,2015,건축물,02-2091-4083,도봉구청,2018-05-01
10-19-12,1,서울특별시 도봉구 창제2동 585-74,서울특별시 도봉구 창제2동 585-74,37.6391040,127.034663,2008,한전주,02-2091-4083,도봉구청,2018-05-01
11-08-12,1,서울특별시 도봉구 창제3동 451-22,서울특별시 도봉구 창제3동 451-22,37.6391050,127.041929,2008,건축물,02-2091-4083,도봉구청,2018-05-01
11-03-28,1,서울특별시 도봉구 창제3동 569-91,서울특별시 도봉구 창제3동 569-91,37.6391260,127.039130,2008,한전주,02-2091-4083,도봉구청,2018-05-01
10-02-03,1,서울특별시 도봉구 창제2동 578-95,서울특별시 도봉구 창제2동 578-95,37.6391300,127.036059,2008,한전주,02-2091-4083,도봉구청,2018-05-01
10-03-02,1,서울특별시 도봉구 창제2동 578-42,서울특별시 도봉구 창제2동 578-42,37.6391350,127.037749,2006,건축물,02-2091-4083,도봉구청,2018-05-01
10-02-07,1,서울특별시 도봉구 창제2동 578-106,서울특별시 도봉구 창제2동 578-106,37.6391390,127.036370,2008,한전주,02-2091-4083,도봉구청,2018-05-01
10-18-07,1,서울특별시 도봉구 덕릉로53길 45,서울특별시 도봉구 창제2동 585-145,37.6391700,127.035259,2008,한전주,02-2091-4083,도봉구청,2018-05-01
10-02-20,1,서울특별시 도봉구 창제2동 578-51,서울특별시 도봉구 창제2동 578-51,37.6391700,127.037365,2008,한전주,02-2091-4083,도봉구청,2018-05-01
11-03-24,1,서울특별시 도봉구 창제3동 569-50,서울특별시 도봉구 창제3동 569-50,37.6391730,127.039299,2006,한전주,02-2091-4083,도봉구청,2018-05-01
10-02-21,1,서울특별시 도봉구 창제2동 578-45,서울특별시 도봉구 창제2동 578-45,37.6391780,127.037852,2008,건축물,02-2091-4083,도봉구청,2018-05-01
10-02-13,1,서울특별시 도봉구 창제2동 578-153,서울특별시 도봉구 창제2동 578-153,37.6392000,127.036769,2008,한전주,02-2091-4083,도봉구청,2018-05-01
11-08-09,2,서울특별시 도봉구 창제3동 452-14,서울특별시 도봉구 창제3동 452-14,37.6392120,127.042228,2007,한전주,02-2091-4083,도봉구청,2018-05-01
11-03-04,1,서울특별시 도봉구 덕릉로60가길 14,서울특별시 도봉구 창제3동 569-36,37.6392230,127.039598,2008,건축물,02-2091-4083,도봉구청,2018-05-01
10-19-11,2,서울특별시 도봉구 창제2동 585-79,서울특별시 도봉구 창제2동 585-79,37.6392280,127.035059,2008,한전주,02-2091-4083,도봉구청,2018-05-01
11-08-11,2,서울특별시 도봉구 덕릉로60바길32,서울특별시 도봉구 창제3동 451-9,37.6392400,127.041671,2013,한전주,02-2091-4083,도봉구청,2018-05-01
11-08-03,1,서울특별시 도봉구 덕릉로62길66,서울특별시 도봉구 창제3동 452-13,37.6392490,127.042589,2013,한전주,02-2091-4083,도봉구청,2018-05-01
10-18-10,1,서울특별시 도봉구 창제2동 585-58,서울특별시 도봉구 창제2동 585-58,37.6392540,127.036084,2008,한전주,02-2091-4083,도봉구청,2018-05-01
10-02-12,1,서울특별시 도봉구 창제2동 578-71,서울특별시 도봉구 창제2동 578-71,37.6392590,127.036916,2008,건축물,02-2091-4083,도봉구청,2018-05-01
11-07-22,1,서울특별시 도봉구 창제3동 448-57,서울특별시 도봉구 창제3동 448-57,37.6392810,127.040943,2008,건축물,02-2091-4083,도봉구청,2018-05-01
11-05-03,1,서울특별시 도봉구 창제3동 569-113,서울특별시 도봉구 창제3동 569-113,37.6392950,127.039696,2008,한전주,02-2091-4083,도봉구청,2018-05-01
10-18-28,1,서울특별시 도봉구 덕릉로59바길55,서울특별시 도봉구 창제2동 585-60,37.6393180,127.035506,2014,건축물,02-2091-4083,도봉구청,2018-05-01
11-05-05,1,서울특별시 도봉구 덕릉로60길22,서울특별시 도봉구 창제3동 565-6,37.6393220,127.040085,2013,한전주,02-2091-4083,도봉구청,2018-05-01
10-19-13,1,서울특별시 도봉구 창제2동 585-71,서울특별시 도봉구 창제2동 585-71,37.6393370,127.034615,2008,건축물,02-2091-4083,도봉구청,2018-05-01
11-03-23,1,서울특별시 도봉구 창제3동 569-39,서울특별시 도봉구 창제3동 569-39,37.6393370,127.039408,2008,건축물,02-2091-4083,도봉구청,2018-05-01
11-07-08,1,서울특별시 도봉구 창제3동 448-72,서울특별시 도봉구 창제3동 448-72,37.6393450,127.040496,2008,건축물,02-2091-4083,도봉구청,2018-05-01
11-07-09,1,서울특별시 도봉구 창제3동 448-66,서울특별시 도봉구 창제3동 448-66,37.6393810,127.040701,2008,건축물,02-2091-4083,도봉구청,2018-05-01
10-02-08,1,서울특별시 도봉구 덕릉로57길 29-10,서울특별시 도봉구 창제2동 578-124,37.6393950,127.036652,2008,한전주,02-2091-4083,도봉구청,2018-05-01
11-07-24,1,서울특별시 도봉구 덕릉로60나길 16-14,서울특별시 도봉구 창제3동 448-49,37.6394020,127.041332,2014,건축물,02-2091-4083,도봉구청,2018-05-01
10-19-14,1,서울특별시 도봉구 덕릉로53길 51,서울특별시 도봉구 창제2동 585-69,37.6394040,127.034851,2008,건축물,02-2091-4083,도봉구청,2018-05-01
10-18-09,1,서울특별시 도봉구 창제2동 585-57,서울특별시 도봉구 창제2동 585-57,37.6394100,127.035853,2007,건축물,02-2091-4083,도봉구청,2018-05-01
11-08-10,1,서울특별시 도봉구 덕릉로62길48,서울특별시 도봉구 창제3동 451-7,37.6394200,127.041830,2013,한전주,02-2091-4083,도봉구청,2018-05-01
11-08-02,1,서울특별시 도봉구 덕릉로62길60,서울특별시 도봉구 창제3동 452-1,37.6394290,127.042578,2013,한전주,02-2091-4083,도봉구청,2018-05-01
10-18-08,1,서울특별시 도봉구 창제2동 585-55,서울특별시 도봉구 창제2동 585-55,37.6394390,127.035603,2008,한전주,02-2091-4083,도봉구청,2018-05-01
11-07-10,1,서울특별시 도봉구 덕릉로60나길 10-10,서울특별시 도봉구 창제3동 448-54,37.6394560,127.041071,2006,건축물,02-2091-4083,도봉구청,2018-05-01
11-08-23,1,서울특별시 도봉구 덕릉로62길48,서울특별시 도봉구 창제3동 451-7,37.6394560,127.042057,2013,한전주,02-2091-4083,도봉구청,2018-05-01
11-08-24,1,서울특별시 도봉구 덕릉로62길54,서울특별시 도봉구 창제3동 452-10,37.6394560,127.042204,2013,한전주,02-2091-4083,도봉구청,2018-05-01
11-07-15,1,서울특별시 도봉구 창제3동 448-49,서울특별시 도봉구 창제3동 448-49,37.6394640,127.041544,2007,한전주,02-2091-4083,도봉구청,2018-05-01
10-04-31,1,서울특별시 도봉구 창제2동 581-5,서울특별시 도봉구 창제2동 581-5,37.6394680,127.037770,2010,한전주,02-2091-4083,도봉구청,2018-05-01
10-02-11,1,서울특별시 도봉구 창제2동 578-72,서울특별시 도봉구 창제2동 578-72,37.6394810,127.037126,2008,한전주,02-2091-4083,도봉구청,2018-05-01
10-02-23,1,서울특별시 도봉구 창제2동 578-157,서울특별시 도봉구 창제2동 578-157,37.6394910,127.036895,2008,건축물,02-2091-4083,도봉구청,2018-05-01
11-05-04,1,서울특별시 도봉구 덕릉로60길 14,서울특별시 도봉구 창제3동 566,37.6395020,127.040017,2013,한전주,02-2091-4083,도봉구청,2018-05-01
10-02-02,1,서울특별시 도봉구 창제2동 585-41,서울특별시 도봉구 창제2동 585-41,37.6395080,127.036405,2008,한전주,02-2091-4083,도봉구청,2018-05-01
10-20-07,2,서울특별시 도봉구 창제2동 632-53,서울특별시 도봉구 창제2동 632-53,37.6395110,127.034565,2008,한전주,02-2091-4083,도봉구청,2018-05-01
